player_team_season_id,player_id,team_id,season_id,team_code
a734b98532bfef1e099877a9ebfd5b43,8479591,14,20222023,TBL
de8be8c24690bd81f0dbab278da060c8,8481161,29,20222023,CBJ
b4878d69c17e426d26c0d40d9752f760,8480280,6,20222023,BOS
cba3ecc42ae5dd8aa814adcb311c4983,8473507,5,20222023,PIT
307df0e05792411f10d0a989b14af1e3,8478039,28,20222023,SJS
f6f292939d8d599aacbce49d45413137,8478454,23,20222023,VAN
5c5b7f180da85b603672ab3c8b0f88d5,8479526,2,20222023,NYI
5b09fee6e180b1a9f5b230e2a55d096c,8475876,6,20162017,BOS
fdec8bf7ab527a764739a3fe2f8778a2,8477504,52,20222023,WPG
7a2024ca93d09645e957dd9e0d2e7f12,8482079,30,20222023,MIN
604b33e41ce74497933ca616f76234a2,8477983,28,20192020,SJS
a354e4a0c0d2577ee65113fceaefc6ce,8482076,1,20212022,NJD
a5665b3b51428ae6dba5a9cc634f315a,8470638,6,20222023,BOS
69b9a13fdb7617e98ef7c2bc86a675ea,8476905,54,20222023,VGK
7bd1d442c25f34ed8ccb9b4679d8f46e,8481580,15,20222023,WSH
5660a614a3a8d5e128b9d420e82a453a,8476953,28,20192020,SJS
a35b350278b76f9c93dc3c361130caa6,8476876,7,20212022,BUF
7535e9e2e5a83c5339ec7195b74a59de,8476467,55,20222023,SEA
6e99386e080b9e6321f0b02c9870a635,8477463,19,20222023,STL
3e7d1f33f052b7a1f5824ba81cf7c33f,8476462,1,20222023,NJD
b3b8bfdd2ea8339cdc383ed623c1ba5a,8477952,17,20222023,DET
702f9175012556f3b83126ba2b410f9c,8477464,30,20222023,MIN
c64846e4cc17571af3225ced2328567d,8481527,54,20222023,VGK
381c60bcc4ff39f63a4eb2ac206ba800,8478396,20,20222023,CGY
fdd1460e1d4bbf7be15a5d6806fb4227,8481014,2,20222023,NYI
fc9fa561213e6e2fbf8fe13d702084a1,8476368,14,20212022,TBL
fcad4ef3dad3943a3862b962618e22b6,8478224,16,20222023,CHI
bfbbcd8cc1560b61e58b6a45a2c1304f,8481477,28,20222023,SJS
7f854793918133098f0aa7725752a867,8477951,53,20222023,ARI
fa8d219707be6b534318913b750aed27,8479324,3,20222023,NYR
6e3d31e4af43023a97d170aa65f94196,8481068,1,20222023,NJD
b66afdcb664e804e93442804b6f31a56,8481599,53,20222023,ARI
cc5fab7f1a30405776367fa9dc0530cb,8474027,4,20222023,PHI
4343f3c9491aa3c78b97e4fde34c2087,8476391,26,20212022,LAK
0b5a83d4eea3dadc02619e588334b346,8479365,6,20222023,BOS
b1e2d91bc2e884428f85fef5623ec5c5,8475227,8,20222023,MTL
c23bf42e97a2940d7c5c4ef64b89a7e7,8474040,52,20222023,WPG
813546a6c685d9254debd30eac55d53f,8477407,13,20222023,FLA
560876b8b0b9b08a3484d1dc4628ea2e,8477435,1,20222023,NJD
f7e11d5fcf4b137f05c4e7bbfc62ca3d,8475786,22,20222023,EDM
361a4ed565801deb893dcd1dad2dcfaa,8478233,20,20222023,CGY
2a49319fa4e11e0038ef7144bf8d3e57,8481523,8,20222023,MTL
ee1a0b5f8a1519e7e2f0a6f288f17692,8473419,6,20222023,BOS
a566c265a56b73bbdb7afe1be8c824aa,8482093,12,20222023,CAR
979ebf65faa6ff11494a49b323f7c938,8474618,19,20222023,STL
c07dae464e906a35e8a74cd31b63780d,8477402,19,20222023,STL
90b54e61c6b31f3ee9c7acb8a03e2b0c,8475762,6,20222023,BOS
081bfdef1d85b16f8773c9b1c5636e3d,8480231,16,20212022,CHI
05c6b59c7bbf1276424ab1ce81eb990c,8478211,10,20222023,TOR
cec377efd0a1b868ee05a8b44fa72c0a,8474590,15,20222023,WSH
f5bcec8c580703685e2f39cd0662ba5a,8475311,15,20222023,WSH
a21f24be914deb05a4d3f8e0f5e3467c,8480831,16,20222023,CHI
72c99983c915f4e5b6d33d95569d6086,8482072,6,20212022,BOS
0b9267307bd3b83e553165a693c30254,8480112,21,20202021,COL
632c81e8128b3cb15a533cdc7aee89f1,8479511,1,20212022,NJD
1f7987af437f595773ca28d61bd3744e,8475287,1,20222023,NJD
318ca77551517beb2d5c2792dde19717,8476988,28,20222023,SJS
d3408786e8863402789d33899de5fc0c,8479411,9,20202021,OTT
89cef640615be3486d7372ef6ef66777,8480216,28,20222023,SJS
41d07a8289e07b8129e1dc5882d6e21e,8480748,18,20222023,NSH
7b3e3515a4d13e25d6783332096f0185,8482635,16,20222023,CHI
c30c08383e8e62c6776155c73bff283c,8479066,13,20222023,FLA
d36e20de5ac47c1d63c5f91652b4202f,8471750,25,20192020,DAL
54be2be36654c986839e46c7b52ad7d1,8476918,3,20222023,NYR
5bf398a066f924eb553ea117897834ac,8475798,5,20222023,PIT
2dddd67d49086cd89b8248e25220a004,8474000,6,20202021,BOS
c7dfcb1e570f89fd810ccc7fa7f6a693,8474150,20,20222023,CGY
bfa31becaaa868241dcab8105a356d51,8474176,15,20212022,WSH
eabe1ce63086239f78b71fb7d52293d9,8481560,26,20222023,LAK
a447c30b97cd2c4b2a1768ac45b5bffc,8478839,13,20192020,FLA
acfa3285bd59263af5441ad7592bf4f9,8474584,9,20212022,OTT
de29ba0e8524d100cfae85f3d614ab73,8479402,29,20222023,CBJ
353a8353a38ee1424b98b9ce84c2bd11,8474697,18,20222023,NSH
40f3108c42d2627fb513f811fccf1cc4,8476509,14,20212022,TBL
903d6000d7a1fdfba12f60270d012a9d,8477967,23,20222023,VAN
216c8119cef929618de35e73c5284121,8478099,28,20222023,SJS
ab27bc17d87c6ab26ec56503137fac31,8482634,10,20222023,TOR
7259c661bb850802f6804ba3e12911ce,8478413,7,20222023,BUF
3374efc60dbfece41e153614753744aa,8479313,28,20212022,SJS
140432710b7515ba5271fd3a9595a6e4,8478133,8,20222023,MTL
eb5b2bdf415604ad567aa3340e3c1131,8478840,55,20222023,SEA
9d75fa97e79778c63343560548a870c0,8476539,54,20222023,VGK
3c5d28d81f0e4dc69c618038a93416d9,8478403,54,20222023,VGK
aa50c41ef5a69c8a436c99ab88eee064,8473533,12,20222023,CAR
87512535ebb9fc42fc87ebb73cf55b2a,8475168,18,20222023,NSH
d987d5b1c3dd915ad32c8b994993b1af,8481712,25,20222023,DAL
d270f0b08ccc98c62d8d74c973f9cf04,8477505,55,20222023,SEA
a2dfbd60c37c96818cbb9d87c4ae346a,8479316,28,20222023,SJS
6cf37428e03f6df4a8da5b4280ea346b,8477149,9,20212022,OTT
fd5d297d69dc2c5c7dfb61621b148c2e,8479314,13,20222023,FLA
7b1de8ab681a8b1212965de5bbb8b382,8479383,16,20222023,CHI
8d5c6b9e122a0ab49e36367172e2a1e0,8479304,28,20222023,SJS
a941cd6bbeae41f6814352a4cbfb36ee,8480073,9,20222023,OTT
02fc5118de9605cf72aeed43180d8d76,8481441,15,20222023,WSH
bb8166935d3608be2bb7a3382120965d,8477244,5,20222023,PIT
52fc2cae824fc68ef18f567fb0a0e8e1,8482667,28,20222023,SJS
ced2b68a4282c9bb1795ac9f406d5d65,8475692,30,20222023,MIN
f79ff3c8ad935481d13172d8d58fadc9,8475231,2,20222023,NYI
c2b7cbac7181ec3cdf43de47a06289c4,8476288,28,20212022,SJS
2931c03010d38c83c7fd439a15bffffe,8478528,25,20212022,DAL
1cead57646c394e38f101fe43f5416b4,8475170,19,20222023,STL
6b670b669e75df1eb9664a08ee1f65d1,8480009,55,20222023,SEA
37c0219f7ae87f013633cf5f4a10a95e,8479514,8,20222023,MTL
2f120ab5e4c804dbcb76b751f1b2a1fe,8479378,52,20222023,WPG
a6dc82af7f4b11ae5da746331e95c103,8480420,23,20222023,VAN
2582665bdde0485ab06f7e4e48f7faac,8481585,18,20222023,NSH
13465de7166df84805e04f07c0ce956d,8481519,13,20222023,FLA
e8886f314e3b95b5e395e17e6791bc3a,8477015,15,20222023,WSH
ffcb28138c4b7ac32d253b5b9f94dd4a,8482077,22,20222023,EDM
02e9a52ea0b5667764304d3878bc9aed,8477293,12,20222023,CAR
0ee6756e88004297a463299923695fb7,8480008,20,20222023,CGY
8f53cd8ece5581059a2bbc43bf477730,8475149,30,20222023,MIN
2da1a4e491f4c0702950ec4321f9df24,8477931,6,20222023,BOS
26f28588f8bb8511494c4e84ed63745f,8480267,30,20222023,MIN
a0611cbeeb1af4bf4a9856fec518e950,8480925,21,20222023,COL
60f57336523e8f807020178f27ba5370,8478048,3,20222023,NYR
6d7934f6f2e215701bdf147f969b526a,8474090,1,20222023,NJD
31ead03e522b7809d9e06aeb46266d57,8476907,12,20222023,CAR
42237bac450572d8f2384f4632565b56,8477426,14,20222023,TBL
fe7a49ece674d85de0c29b74f06a60bc,8481690,29,20222023,CBJ
bb7ec4a4242c894733f60b6d15547295,8476452,20,20162017,CGY
fa3787ec5194124d701c96362802fdbf,8481479,23,20202021,VAN
c1f1c4d0665d2b31ffef6933f01cd0fd,8477180,28,20222023,SJS
699efde28f7ebf501f541cac77242791,8478420,21,20222023,COL
08b82bb65e82f880770dcf252d0d16fb,8479372,13,20222023,FLA
7b1b748d6103d21d940b422d60c95dc1,8480281,19,20222023,STL
1375b81c9b2466b2455fbf4a6097b785,8475842,24,20222023,ANA
31d472a004d6f07157c8eac1f11210f0,8476389,3,20222023,NYR
e81339b6bc2d3a6fca744f009c7a3d61,8476404,2,20222023,NYI
1ef73fd510690c928bdcd3226b974207,8476927,54,20222023,VGK
60159a6c5832c745ea27419c826de64c,8482142,24,20222023,ANA
a0bb347aa982914e6b4f7429afa40810,8479516,15,20212022,WSH
14dda5c5eddffe66f275fb815c07bc0b,8480021,23,20222023,VAN
c9c134e3ae03f6ecee6875437d30ee8a,8476879,22,20222023,EDM
5f20028aa1f69f9369aff78cdc12e8a5,8479394,4,20222023,PHI
f2e5e1f76165858ee2aa17c6e505b0e4,8482176,16,20222023,CHI
e32efe47cfa1d5a6de177fe3b61324f0,8474683,24,20222023,ANA
452b3048c39904237dd779925397f681,8477465,5,20222023,PIT
e18d40ba916e6a2527d0eb9aff6cae95,8479542,14,20222023,TBL
546376111dadb9250b3eeb8d7e7d8d55,8483524,55,20222023,SEA
f8b0705d39daa5e38c50d9b64065efce,8481591,5,20222023,PIT
a663cae8987a522c47c2b2a7c581998b,8474162,10,20222023,TOR
f2eaa865121c99132d03c6ef3b47ce04,8481554,3,20222023,NYR
99ec5ea65300a9932de11add58a13d06,8478017,5,20222023,PIT
06d2880c36d5811f66a4db4d9ca8493d,8473473,20,20222023,CGY
abb135d203f472a5389f76d1b5acd3b1,8476892,19,20222023,STL
ecad99782869c38b56b00f7e58fdda89,8477498,22,20222023,EDM
aa6aa66ac120c0b5e11028bb85c9f0ce,8479671,29,20222023,CBJ
5ec6f41f354f7bf05189fe542ebf86db,8476886,22,20212022,EDM
9cfa8903e0e53625adb80963bec529cb,8480226,25,20222023,DAL
fdab62a7fd70f308373fe50af9eced13,8481056,18,20222023,NSH
9fcbc6abd3f5ab97576f492538ddd356,8477346,20,20222023,CGY
d2e0dade863134e46d2d308d64496aaf,8478975,25,20222023,DAL
163c44a6c35d1e5dbc373019326aef80,8476987,54,20192020,VGK
eaa04e37e6f4f7fb8e585ce30147bbd3,8478463,23,20222023,VAN
184f6bedd1ae3815fe8f22dd48208b0a,8479982,10,20222023,TOR
779d37c53a2425ed88b7f033e5ae35e4,8474673,10,20222023,TOR
17ff53e45466999ed00a098acad47eef,8480205,29,20222023,CBJ
4ec757c5c1e523871efb312fbb3158b7,8476455,21,20212022,COL
f009fd5b2dab657c9dd45dfa40f73ce0,8477973,21,20192020,COL
73d426f1b868ffad97e767433b782a26,8483808,23,20222023,VAN
5a5712211331a94b29dd545bc007477a,8475235,4,20222023,PHI
1fff7f3ea100aa658e6f8d1bd4001522,8480172,5,20222023,PIT
cf4702b46b87704dc85001fefa4ae6f9,8481754,24,20222023,ANA
4c91ec94f4060a95026336d0f9035ab7,8475747,53,20222023,ARI
5b78d20004932dfaacf76566d4b9644c,8476792,19,20222023,STL
cd157061492938d152d9446e439e9d3e,8477968,17,20222023,DET
8a2b9342ee7e0e720d8f92f35b3c01bb,8478440,15,20222023,WSH
069724dd8ce681b87213b9c22aca1250,8482150,24,20212022,ANA
27ce0f67355d12bd66eb09bfdb75c004,8482475,29,20222023,CBJ
12778c5d56d43a8bcbd653ed3f6aff4a,8476826,55,20222023,SEA
e48b7bb82f389f99257c676016cd0e4a,8475763,4,20222023,PHI
47d0f256f8982195832b1c93ecd537be,8477979,15,20222023,WSH
e0a2f5cad94234b899c0100055a76e87,8481711,53,20222023,ARI
845e8b4a744adb846d92eb59dce73fe2,8478498,6,20222023,BOS
8a54fed84d0c20dd42f9f54f9cc48003,8471698,15,20222023,WSH
5e9d8f0aab6e6304053a7730073b0c8d,8479252,6,20222023,BOS
df4c5f280f4ada6d05566fbe4f2a5760,8480883,5,20222023,PIT
66e8ffb2a676d94f0ac0d2b93535d379,8478031,52,20182019,WPG
963ad705b0d7b69ff0e304c66ca6a031,8479576,22,20222023,EDM
4b8eb479a51413cba4ac3dff33eab84d,8482062,18,20222023,NSH
1dab8abc1be11e6f639ea83441235f49,8480074,29,20212022,CBJ
1414d000c6780ff96c1410b8ba985768,8476418,17,20162017,DET
0e3d95512d0f8fbf35896756f9d88926,8475215,54,20212022,VGK
e82f117ba246907f1d8eb5a0e8eb7a6a,8478451,23,20222023,VAN
0411017f807e3c3c71ff81cec3ddd808,8481604,54,20222023,VGK
4e4205a26f4dbcb57c52157eacf409a9,8477471,9,20222023,OTT
24e80e566f29371a8c6046d991ae5dc0,8477934,22,20222023,EDM
561efcc00ad8c3e3426b9433df9e9292,8481592,20,20222023,CGY
08cea268cee2015c5657960d3f3f13f6,8475764,24,20222023,ANA
6e1eaf68dc865bfaae6832976bb38486,8477940,52,20222023,WPG
13f1f670fb59fa05bb02c0cc561ebcc5,8479336,26,20222023,LAK
05dc08073f0048506d3ee4bf81377d61,8481568,16,20222023,CHI
62c29444eef60797895587d87d6f4aa7,8477366,30,20202021,MIN
faa69da11379e42e9a2fe078acf6c4cb,8480069,21,20222023,COL
5a79c6dd26060420729959bf7428dc35,8474151,18,20222023,NSH
2643dd21ebb8967926ae6f0b46009896,8478495,8,20222023,MTL
29d28569e35ce84e72abd14b8f7f5592,8479550,4,20222023,PHI
e5303d40a74aca83eb6cb5202c0934f3,8481626,7,20212022,BUF
210671bc81f170f7fa2a9052c7ef6540,8474586,55,20222023,SEA
bc60cce8d90f8eb92371bcc21458157b,8478455,16,20222023,CHI
a5554f50cf3d671922deb6de5a61c6fe,8481692,20,20222023,CGY
0096cca99de70ca1f8be0008bed42b43,8475167,14,20222023,TBL
1e5b0167fbb5d1fa9991f4a96053530d,8481035,4,20222023,PHI
d549f10318d0c1578b1f13e56a5a3ed8,8480846,21,20222023,COL
967d010f5d260bb69d483c7c486ef8dd,8481533,24,20222023,ANA
a2f41a392d06892c0620764ca2347164,8476883,14,20222023,TBL
16de670727a73957f435973200ee495d,8477461,14,20212022,TBL
40b2b47c13003abcb2d97645bd181dc1,8478916,55,20222023,SEA
d31771179fd0f1d4485cd03a4bea6a08,8480153,16,20172018,CHI
31ef84bb1a8467eb0b2f3d7a3fc914e3,8477502,4,20202021,PHI
016d8167bdb5353bac176115a41121c8,8476458,24,20222023,ANA
dd07948e69c0deba704686b644af9b53,8482964,8,20222023,MTL
4776d50d9b3dc2abf15f05f400648aff,8477930,14,20222023,TBL
a2a3e485a657c7f9eee6301cc2965eba,8480045,7,20222023,BUF
f0bc7a9abd9ebaf0e69e8eea10bcacc2,8480314,9,20192020,OTT
0bc69b4858af3189a8df4f503e01480e,8473544,9,20222023,OTT
e2bab0037d222358cd5df12796731926,8474709,2,20222023,NYI
d3ea608ed4072e55e44955b49a088ede,8480084,20,20222023,CGY
de8ae8724ad25c2e2ce7d6b13f5032c5,8471306,19,20222023,STL
407baf0cb023384fd84ce88c4683582d,8474053,28,20222023,SJS
1e1018549c56c36b90f11964d5af6c1a,8476480,52,20222023,WPG
5899f7296cda4665ed24274d37aecb8c,8477839,15,20222023,WSH
344b06dc9f9913ce644d696c5ea753e6,8478435,20,20222023,CGY
3daca67f790552f1b3e6a5adb02f531d,8471724,5,20222023,PIT
0550d7e5bdb6b8d139b6376aa2c56a86,8478949,18,20212022,NSH
215e57ad045f9a5879e12f79843cc0ac,8476856,30,20222023,MIN
a3b484ff5fcc024c155dccfc2679c43f,8481546,4,20222023,PHI
62e105827f32ddeefdcbcd7ff35d3a50,8477451,30,20222023,MIN
a608e89a4d301cd9d3f1a40e9c11c4bb,8480328,16,20222023,CHI
29a69748f892bdc32de94e7d03bfdad1,8476871,23,20222023,VAN
bb9bec4b16980110d34abe6c3479e89d,8476858,23,20222023,VAN
400b31eb1430e28cfc5d064f855325f1,8475780,6,20222023,BOS
209c3510f12cb14c0c2805c9a608724d,8476443,8,20202021,MTL
635995c6bdf5cd6b65942c0555679eec,8479602,7,20222023,BUF
c1a90277ff57e3d0091d1d5634af3813,8481102,9,20222023,OTT
f4672bbe8e8a32ab1c423e7499d937ac,8476438,19,20222023,STL
518f616b39fbf093e4ddf67f57a4fd34,8470595,13,20222023,FLA
c162263381568bbab03cbb58c7b7690c,8478402,22,20222023,EDM
793404df038e53513cd229c74f2acbc4,8475760,22,20222023,EDM
4c62b6e6ade3d30ff189996abb99faa8,8477932,13,20222023,FLA
63e66db2cbe1e21aea0229385cf7f4ff,8476457,55,20222023,SEA
5a70312f57856fb78391a21cfa16aac9,8478430,20,20212022,CGY
c650ab920bd68c4ba2021624d1094735,8478436,4,20202021,PHI
1c5cbb44a36ab53b4e1bbd3ae4b308cd,8479329,8,20222023,MTL
cd9535293655fec02044d4e557f9f26e,8478492,10,20222023,TOR
e83b5bd2672e9b017c120f28ff4f683d,8481683,23,20222023,VAN
8e36e2702c8d511b97ca101d0ded4fb8,8478069,14,20202021,TBL
735f0ed084ff96d69db79710b97df766,8480051,8,20222023,MTL
ca99afc0a12e910dd4dee07f1c37f029,8477972,1,20192020,NJD
887536277175b079247e5c79af7df0e2,8477962,4,20222023,PHI
c3345cd6cbe38fd584d1e12509a38c2c,8478891,52,20222023,WPG
45247f34a8ed68fe5c36a763929955b8,8481542,17,20222023,DET
970372546c0331afdf2781b310813c09,8471217,53,20212022,ARI
92a1c06180484b0ecd3273638f503079,8477503,25,20222023,DAL
93ef7c22ccbdc876246496432bb33731,8471215,5,20222023,PIT
7b11ea5911238fa6fb4d20be9efed9af,8476917,2,20222023,NYI
ff6d65a75b394a769c79a5808b30e35a,8477380,3,20222023,NYR
18b2f108acc296fa9b75a904520d10ec,8474889,55,20222023,SEA
8f5e345aced51e712a30b3b1fdc53ae8,8478433,4,20222023,PHI
0370f467150a924fb0a592534d77cf4b,8480887,8,20222023,MTL
a704fa51d2c1194fbf9cf2a3c81b28b6,8477447,54,20222023,VGK
548ea2d8561519a93f09bb3e6514f83d,8478136,30,20222023,MIN
e5643705ca56eef51494ab9da7e87d86,8479387,21,20202021,COL
8b7079230eb0ef3e893ec2acfa8b8d8a,8481033,1,20222023,NJD
1bc5c61628a4100c983e68ce0c5e2e10,8474037,4,20222023,PHI
dda928fb642d8201781eed9b55d5b4ca,8479407,1,20222023,NJD
0a2031298afd6eacd01ed7d45350aa99,8474568,10,20222023,TOR
1af8ed17d748f8b095642a51d5f85163,8475754,2,20222023,NYI
2ef36b6afabaf15203b370e743b2d8d5,8475848,8,20222023,MTL
270d414310904dfa726bac8edc5c7e40,8476407,24,20202021,ANA
768433cb21bedb6d6f5c79a5d231abc6,8480880,6,20222023,BOS
c3ea7ea48d0cbf12d38cd33bb81d8344,8479979,25,20222023,DAL
c1a84139ef483d9527f50e5e363c6d56,8477949,7,20222023,BUF
6c9799b9c2cf897899519d94b3dbbd4b,8480893,29,20222023,CBJ
60b5df8135a771552a30a4f1ae8a6e27,8482447,9,20222023,OTT
7841913427ab39f1e0957c80ad758554,8467950,7,20222023,BUF
a5be58b212d3b152ae2a38a8481c2dde,8476889,25,20222023,DAL
ac4ea056698ea3a4b55ddbcc82fdd641,8477085,23,20192020,VAN
df385ebe1e3a05c2866ca4d06d37a8af,8478485,9,20212022,OTT
18f863fc8d8bd82fc692c37bee63df65,8476902,25,20222023,DAL
3661f8003d3cb76b899a830e6835b1d3,8481567,28,20222023,SJS
f3a1f8f9d9d3ef2287028d25481f45e3,8478870,14,20222023,TBL
1f47a7de385029997fbf931fb51291af,8478020,54,20222023,VGK
97f15968d8664c533c3626a2a762c88a,8477126,24,20222023,ANA
e05e1f839879c1da23ddcc3ac1800a85,8477493,13,20222023,FLA
da67756a15fd116444c196eab01e7860,8479512,5,20212022,PIT
6a5d2f5dd39d0bb52372b909c5982127,8479458,16,20222023,CHI
52c67ce7623eacbaec8623133e0a07f0,8478424,52,20222023,WPG
d2ca48b144ff0d346d2e75c2f89bf1eb,8478427,12,20222023,CAR
88251ecdb038030b27008299fb1f2e6e,8479390,16,20222023,CHI
6463221c9bea93ef0c70af85df39c0fd,8481031,53,20222023,ARI
03df9d4824da012f94bd1ab7859d7a90,8478996,52,20212022,WPG
07b16bcde5e18f1b1ae09ac90308315f,8474102,17,20222023,DET
ace655e50b7f78f9552b21f6c3264575,8478176,17,20192020,DET
7a6c734c791e9a542c0674d099e1fda8,8478499,54,20222023,VGK
206aa61d2b1dcd01c5ccdf637cfd4090,8481442,13,20202021,FLA
8493d9bc77280085f4c5de0f00896590,8479639,12,20222023,CAR
606f99eaae60f036cdf97fec256daa01,8471218,52,20222023,WPG
c9b83668eb2c82bf2207c550b010d331,8482654,4,20222023,PHI
78c25128adb84186e7c54e97eb00821e,8474089,22,20222023,EDM
30a6f9330cdcc268ba36f621ecea346c,8477205,24,20212022,ANA
306354c2b749ac7fae7ea6c5031de2a2,8478904,28,20222023,SJS
372512efa121ace4aa59f3eafbd728ed,8479986,55,20212022,SEA
07f7836ef29eaf72d2ff71655c655e5f,8481061,28,20212022,SJS
a533805fbc3d7ede664364930190f1aa,8478507,1,20222023,NJD
3bf076dac85da6f4c6593c7d342a5703,8480842,5,20222023,PIT
507aa5890b78b2d748f218420414038f,8476419,2,20222023,NYI
8aa8cca0f8338715edc8d117f283b40d,8476432,29,20222023,CBJ
df4f51d462f04788bc2ea2a2d7fe4237,8477369,55,20222023,SEA
815df488c71f935966f658c0d515c021,8477887,9,20222023,OTT
fee93258c47fb67b9af3dc88e7bb209f,8476919,8,20222023,MTL
1883cd6f471a9f1632157a1887015216,8473449,7,20222023,BUF
36089f6f1c0e264dc2a6578856f67904,8478400,13,20222023,FLA
329f0d76fa0a427634a907148975583a,8480823,15,20222023,WSH
44b7ce04637dea1e848b8a4708b5a8f9,8479619,53,20222023,ARI
255ccc1247b35faedf8c70c06d6dacea,8481611,12,20222023,CAR
6a47d194aa5b131420dc56e9be5a25ee,8482221,7,20222023,BUF
fa5d74312d019c770830b3b88a373e6e,8477943,22,20212022,EDM
cc9caa62b6ee95151787383d261e93d7,8478367,2,20222023,NYI
2657c8756c1114a0742ecde52e3aced4,8475809,25,20222023,DAL
6e9d15f40db635b03681bba6f8da70d6,8476448,54,20222023,VGK
d1bab3375ce8a0bd15549bfc027de230,8476931,10,20222023,TOR
eb882ead922e7ff85c47d838b302dd46,8480995,10,20222023,TOR
a4709b6a267ccd43c5f0fe4fc2262c91,8471677,21,20222023,COL
72b44a52375f2f1f96eff2909c3f4c38,8478398,52,20222023,WPG
2c7c341bdf521c419b20a2169a91fd18,8480157,19,20222023,STL
ba02b3a830265b3fdbbadea8244f4794,8478508,18,20222023,NSH
039ccc32eb7898dd9206aa63fb6a0d64,8476979,10,20222023,TOR
666416ee5440add955278c76905d574e,8480185,13,20222023,FLA
40e93e30477da9adc08de8dc4315b140,8481609,53,20222023,ARI
694176a05feb1b6a070db14af0f62648,8482111,8,20222023,MTL
ace7557d6d74ef84cf6ea32af07464cc,8480072,26,20222023,LAK
f70efa156fb2a7c8b59fccaceb9aecf2,8478491,9,20222023,OTT
b60805698670bcc16e4065f51dda0828,8479520,30,20222023,MIN
45465a9765706343d34aaac1398aa387,8477508,1,20222023,NJD
3d8aac3e0bd7c235b2571122364e7302,8474581,12,20202021,CAR
406def0de252f414aa44414f65c351f1,8480039,12,20222023,CAR
c87ffb2f38ec1b5959a1320c5e4d7c03,8480275,30,20222023,MIN
298f204baa71ab2af69de85938f30501,8480874,4,20222023,PHI
7dbf88493fa9f0abd00b4112dec8354d,8480242,2,20222023,NYI
00c681d27551e56c297409dfe67126f8,8477312,21,20192020,COL
fd2d03fd70e44036b64ed1ebd2ccd26b,8481618,21,20222023,COL
c7e74e5b52a113d7ceb441050a5af887,8483575,25,20222023,DAL
8043ae6454c3948dbcb25a58679a73dc,8474602,55,20222023,SEA
cb7b39cbde3848b84d8333ea91d8aa48,8471239,2,20212022,NYI
baa48622fc96b825b1bd8d4d005dc359,8470600,25,20222023,DAL
38f4621e85f3625cb7d1965779050581,8478007,29,20222023,CBJ
1c6b5ca81293118f138dc91c5b0f352d,8476410,19,20222023,STL
c31d24377d739efce265847718ca8805,8480950,7,20222023,BUF
6b53079821e114aa0351c6ce8bab4459,8481422,9,20222023,OTT
65e35a67505a07e7c58dba1e8d6d8e2a,8480848,25,20222023,DAL
e3ce989cee44a6b5cf3f7dfa6919ee38,8476994,7,20222023,BUF
21e61aae078a1730fdfb4b6bebe90af6,8476952,52,20222023,WPG
d5ceff1ba2ee4817afc059565bf18e1d,8477956,6,20222023,BOS
72798902721b6e2fe6c55b7f19d8a343,8478399,1,20222023,NJD
2154009e869d186ca717c3c1db7b82b4,8480031,24,20222023,ANA
b67797bcc40fb483925ef31e9284fd86,8482834,55,20222023,SEA
b177452221d0c3962d9bc87a0ff75fc0,8470642,8,20202021,MTL
74dca328586d687ad448484bef034470,8477939,10,20222023,TOR
a5a712ebc5cb42dd7ce2d5733f73da8a,8481043,14,20222023,TBL
bda2565ef67e4f49d3b9a0b5608916d0,8475166,10,20222023,TOR
e6d081bd6ecc41d15c1f2bf7b572963d,8480043,10,20222023,TOR
71cdba6e1119129750bfe75cef42c0e2,8480468,22,20222023,EDM
a13d01535ad1475f20f35d443006b4d1,8479367,23,20222023,VAN
2396117394915d267060ca7c74c97637,8478173,4,20222023,PHI
d6d60165f48f4b7bd0de18f4fb5f58b8,8478439,4,20222023,PHI
9ecb20fff8144bf21b64cfdaa85f44ba,8481704,18,20222023,NSH
e137c045723f221b55341dd71ddfd421,8482137,18,20222023,NSH
e468d7e4e4afb7688fb732ec8fc59953,8474207,9,20222023,OTT
27038000fd3845df103b2bcb108241cd,8482067,53,20222023,ARI
c9f2e2637a3799cf0535642ee2e1da1b,8477950,4,20222023,PHI
90ea30d669ad594253791c97fa75518f,8479344,12,20222023,CAR
7acbccf998304b889a246543972ec63d,8480064,9,20222023,OTT
97017474030a86ccf07e70599823931a,8475883,12,20222023,CAR
ecfc373664a75fcb2e5cbe78db4e7ad7,8477488,12,20222023,CAR
b2b152868192d82dcec0d63685ca3e74,8484287,23,20222023,VAN
054b027b761343ec50ddc65638078a7b,8471774,16,20222023,CHI
55798ee1ff9b05c90d7617ebb06e3034,8478851,18,20222023,NSH
384cba0c87d64e70cbc9e3994dc15545,8478874,9,20212022,OTT
fb0d641c5dff9883958093dfc0ee8ad7,8480012,23,20222023,VAN
42d6dfbd82a25eed7e99889701211665,8480384,55,20212022,SEA
615c7e18b8c9139cf7d18daf684c902c,8478882,26,20222023,LAK
6567241569fbe377720acae7de39cfc0,8478970,12,20222023,CAR
9efef68457a51432e928d1f462448e24,8480802,22,20222023,EDM
b380216d72961d0a48de84be45be2995,8482117,16,20222023,CHI
23ca10dd020d779c8e096e41ee6efc5d,8477947,15,20222023,WSH
821e8d941c93a81c4e99850adf7d71c6,8478038,21,20222023,COL
e73c2e51561805d5f637361eb2d670e4,8475188,54,20222023,VGK
cff533ce4cc93e7070cdfc7910f30638,8480018,8,20222023,MTL
689e8bdad19c7439940ae7ea5ec2a041,8480160,28,20222023,SJS
78a5ea66c87d12d1dcecc031db8aa556,8480467,24,20222023,ANA
c1cd54dd0bea397038959b2b3db9cade,8482159,4,20222023,PHI
43d6607c8e5c2a5c4ef42d6837cb18c7,8478074,5,20212022,PIT
6b970ebbd301bd255be57564fec56119,8479945,29,20222023,CBJ
35a3329baf83d94ce3900496155c3e97,8477964,54,20222023,VGK
56e5ed3826fdb56802cf8ae2cf619d37,8481575,9,20222023,OTT
c5b31ffd602b93ee70b5d2bca97d8651,8476444,14,20202021,TBL
87428dd12470d6495cbfc6a3f1d7634a,8479400,52,20222023,WPG
a982045ef8ee4807ebb3371eb58bdd1a,8479597,13,20212022,FLA
7ea736577da0b481749476df7dbf0001,8482691,23,20222023,VAN
5be969acedad19cf08b4f8d6f9b47d99,8478417,6,20182019,BOS
e8937ab17f0ec763c9d315d8844366aa,8476390,30,20222023,MIN
54dfcff3c328966545a3c3bd3c850ad3,8477320,21,20222023,COL
63b01c6253a578f7b2202141b493a406,8478442,22,20212022,EDM
1a046b4104b505492cef58a1c7ad715e,8481518,1,20222023,NJD
cc2540bf6a01eaa2a9acd8e21acd5f03,8481657,9,20212022,OTT
8b4d367b6c2c080cc3b7c8fe70ca7898,8481186,21,20222023,COL
22acdd96abaae3bccf409a5210f07e68,8475660,9,20222023,OTT
0aa0ca018806a72a07aeea65794836ed,8478500,4,20222023,PHI
0e890acd5b37a551d29b78c76168a59c,8475810,5,20222023,PIT
7b1c9e2738213f72792e7ede65fca370,8478104,19,20222023,STL
507d1ba0d6057ac26995d924f602774f,8476323,55,20212022,SEA
6546bcb87496319d4685e5ed2c9d83f7,8475343,15,20222023,WSH
450b2d30620e18aa945d7eda7fd811c3,8477457,15,20212022,WSH
a447774c9e9d8a04cb21391d8923cd7b,8480063,18,20202021,NSH
5ad62c75ffc1737e43959e8de3d09e6d,8475208,5,20222023,PIT
1920ce2858285e59f84526eb2a7b2c17,8476899,10,20222023,TOR
95f1fb9e140dd9a2910af19d92b4b1b6,8479293,55,20222023,SEA
c0bb06c5da52a43860557c345697319f,8482671,7,20222023,BUF
e1eea53b4ce08f5b84f023b0c23f98c7,8476906,12,20222023,CAR
f8eb57a9399e7d25c02db6c81e696ef9,8474149,25,20222023,DAL
f865c8c5acd68a9d85cff4314aff6121,8479977,22,20222023,EDM
bd514943c83884a00514043d26f2f2cf,8477416,55,20222023,SEA
4880f29f247c27c8f8bb7fcee626e4df,8482982,29,20222023,CBJ
99c85269833d0148bab7ffa896f61138,8473422,6,20222023,BOS
c0a433fdd2e26d022e7e47489083bdab,8473563,15,20222023,WSH
06913d03ec50353c44145a3470df3641,8482073,3,20222023,NYR
ba6344eac2620e00858b0e5071232a0f,8476934,24,20222023,ANA
7eb19c8fc275e08461788e6ad7000cf3,8479315,16,20222023,CHI
890bf9f4484f57a65fe2a55826f4ec95,8480847,28,20212022,SJS
aa8f37418c462d54e6d016a55d424c10,8475151,2,20222023,NYI
dc912c96369cb7d1f8379b026aa30d6b,8477450,16,20222023,CHI
45106a5b5fa9237f4cd3dea3e4410e7a,8479362,25,20222023,DAL
1c3e736e7f2247b52f07fea56fb8fcd0,8479980,54,20222023,VGK
dbc3572901fc7f102578dd183b8b4b60,8481581,25,20222023,DAL
7e6b90de165beb02794c9a1b710c86e6,8475158,10,20222023,TOR
6581f1948b2a502dbe00e591ca78b22d,8478519,14,20222023,TBL
dc39b88b59dd6f16088affd7a231748d,8480835,12,20222023,CAR
bfc44c90ded0dc38b7c4e610e56ae80c,8475462,13,20222023,FLA
704d15233436b3b68472ba1281ea6b01,8474636,29,20222023,CBJ
5f1443f5878c2443b95b6a17194ef58a,8475200,6,20222023,BOS
c5fc82c3f8a40139c7bb965ab8b60d6b,8476278,16,20222023,CHI
f380088c58fb714f754efa3ce381f815,8477401,55,20222023,SEA
a4c052f883fe7a7ddef04b0c1b2c7aa5,8480947,18,20222023,NSH
3111188145ac8f988b6c9e8476ac329a,8480796,15,20222023,WSH
7fa0d968bc2cffc8e7a00054bc3ed5de,8482496,23,20222023,VAN
703adcaf22126796b0def6a1b5a835cf,8479348,7,20222023,BUF
0f6bac682e75805feeb39cf625cd6fa6,8481133,9,20212022,OTT
ec79d2a36fb403f976ac0e4212acb313,8470604,5,20222023,PIT
bab64659dc230c8bbdc5f53285015e55,8475717,17,20212022,DET
0428f348aad2c60842add27394c2cb80,8481725,17,20222023,DET
24dde953bbc61ad950c9a68ebfcb0ee7,8477359,23,20222023,VAN
703bdec5c5f1b17036bc8ef3cf1a6584,8481013,17,20222023,DET
f945ad73aa2bfaca6ff0b1beb1cb5113,8471699,21,20222023,COL
6a6b524ea332769a0cff48ec29848022,8481481,26,20222023,LAK
401702a6e50206ec44816f16136ee49f,8482699,53,20222023,ARI
1f044341e44fdb0191b3228eda9ecab1,8475177,12,20222023,CAR
a28f96ba2abd94fb49afe57db63b2aa5,8476904,55,20212022,SEA
afb09ef87db6332a41d19c4b5837fce6,8480803,22,20222023,EDM
bdc15063669863a02935cb2b1006583c,8478042,26,20222023,LAK
a5a933b63d1e1001bb0ed4cb0a459c2b,8481105,8,20202021,MTL
8e151f03c4e41b9b0e74583cb32079ea,8478450,2,20222023,NYI
19ec6bbc53b5c76e3d7652ba6172fc4a,8477409,13,20222023,FLA
a0c7b81675bfb78de03b6ef05c97c024,8480049,52,20222023,WPG
ffcb2c04a1eabb6ab48d056ebc9df42e,8482148,15,20212022,WSH
e1812aff0d357ef3b70442f0e20c1cb6,8477417,6,20192020,BOS
cf79028baecb883d3f47f1d7fe7febb9,8478446,24,20222023,ANA
9e5cd1e28483228427ed3629e2a5a60b,8477981,18,20222023,NSH
ab779248ea96ef57f6d59c7d92684470,8478846,23,20222023,VAN
9378d60cfebec6db8e861851130db1c2,8481122,24,20222023,ANA
d2f51f95c212e763c01cd2f9ec50111d,8474009,5,20222023,PIT
07432fb209fce3860c514052fd062b31,8476966,17,20212022,DET
595d59eb0a9b115f08c01c21c9abb0f3,8479675,26,20222023,LAK
6a8eb17afcefc03b4aac061c9e0f5163,8479705,28,20222023,SJS
40284f063b661363a4fae75b4eb1db23,8475722,5,20222023,PIT
1a9ccc5220e1e148707fbb2bb551a79e,8478844,4,20192020,PHI
ecb3b5215c2b40a64d6e420cfee3d790,8480878,25,20222023,DAL
15de7f641c1d73af6f1c3b7068bceb58,8470966,10,20222023,TOR
824dc720014d475017a6b5b22ec8fc71,8481550,30,20222023,MIN
b17eb96417fbcfe813ea3ca32d1fc579,8482730,26,20222023,LAK
da9d1c43849d0da990f5c56a95688a3b,8477444,55,20222023,SEA
d8ed4e333ac6efe2ad2f1b49e7850241,8480977,10,20222023,TOR
619e752f40031573277705d794f4883f,8482705,29,20222023,CBJ
0a3531a9af594aca33d45aa73692638f,8478838,8,20212022,MTL
a0c5e754d118f56ae8ecb6682fa78f0c,8481486,54,20182019,VGK
28caad6eed124f2182c730a65f30d665,8480201,4,20202021,PHI
991607b6d88495322f5f6ab970cc800c,8476921,12,20222023,CAR
8930a6e05dcc8a9e73bca23e9b96a815,8480988,25,20212022,DAL
59e0203cf417b134cef11620d633da77,8478046,5,20222023,PIT
c772c8656eb77adc1b08036f5012bc75,8474145,19,20222023,STL
ce4b7b032bb2f15e23479311693ebb9c,8476882,12,20222023,CAR
3dd2005594611815627469f5125113d9,8478029,1,20212022,NJD
fa76a03047fb06027cfd9915efcdaba7,8480776,54,20222023,VGK
d1a5bbad0d31e3272ee4442e61943dc3,8479356,4,20222023,PHI
030f65b3f80ba9fdc6789d696c718564,8478502,20,20222023,CGY
f95012a8c312d950464bdc645333c23a,8478915,8,20212022,MTL
7cbd6866b250cc8ceb858a68af63c415,8482181,28,20222023,SJS
abb500f186de37817b358badc2f218d2,8482623,29,20222023,CBJ
79014a6cf0744b80248a4060b33cd448,8476932,24,20222023,ANA
476db1bb461c214e70c92c553ee1637f,8484256,18,20222023,NSH
23f218906c7598cc52ea3429a15135ec,8480246,14,20222023,TBL
1a8e71423fd16eb8998b775362b6fe19,8482070,30,20212022,MIN
1325d833a3d607cb099f7cfaa5bbbc40,8479496,52,20222023,WPG
f7c32c87da5ad972f216681207a23f34,8479944,10,20222023,TOR
e6aecd4d1e3d7c8e9cbbfb7835624920,8481535,23,20222023,VAN
46ef889314a551354c75840e90a9362a,8473986,14,20222023,TBL
0e6f1fe25b61326e2c6635500ff26e1e,8483570,21,20222023,COL
5a5720c25370bbe5e54cc86f8f48e587,8474708,5,20092010,PIT
1371bbbf20ff909e8f1823e85a686619,8477933,13,20222023,FLA
11fb83814d9474bc1a6492bc2408b4d1,8478043,10,20222023,TOR
a2008f9220bba25f2223a88ce2addbcb,8480466,12,20212022,CAR
1927416b9dd593bfbe2936709555baf4,8480945,5,20212022,PIT
b20b75baeaf04b977ce028b06aed0d98,8476924,26,20212022,LAK
1b3999741b9874b2245824c3cc76e39f,8477810,25,20222023,DAL
51dfb3ff81884e4bf5af8632e405df96,8479375,19,20222023,STL
18fabee4b27d5638af5ebb0913469289,8481606,26,20222023,LAK
f1fa2407dfee73a04545046f3a95c29b,8471685,26,20222023,LAK
9e3027885365fb1364eb725108b324fb,8476470,24,20222023,ANA
d8b2b4bd7501b4df67d3b9b88f473e44,8481077,18,20222023,NSH
52091b6e306ceea469bc9415fe4cf394,8477314,15,20202021,WSH
666a92def764c27c7dbfb824e44d39e6,8477473,23,20212022,VAN
52951dc6b6ead21a1dce78a3c3206bf8,8479333,3,20222023,NYR
3c0e8fd4f2b246172d3cd2cec453db0f,8481072,29,20222023,CBJ
6fc7dc3f107b1b2f76c60abe60f0b423,8470613,12,20222023,CAR
ae7cae434d03ee914915406da7f1bda8,8476429,2,20222023,NYI
7faa01f3ca76c2a2eabb467bff6b2154,8478010,14,20222023,TBL
256f80cb8bde89244c8774499ba4d9db,8479523,13,20222023,FLA
ee91ec4d950432141d3f5b08bfb60df9,8477500,2,20222023,NYI
baa1856d0e0ad26feb96f23feadaa882,8477974,7,20212022,BUF
663934e54ee3aeb028e92ed7ae835e69,8478051,4,20222023,PHI
a7801e578c3577cbb8b4169d2729104d,8478147,53,20222023,ARI
aa02e9fdb74e12c7914e705352cd0fa5,8479999,7,20222023,BUF
94c7e4e195b0dff80c329c4d49e59dc3,8481557,30,20222023,MIN
78f9df299fe06105c839a6a294325797,8482087,8,20222023,MTL
33b75796b42396251491dc2327935763,8477484,23,20222023,VAN
cae8d03cd8cd584df7621b1bdcb0ddfa,8477466,24,20162017,ANA
0e39245c22080eb80264b49ea5146d2d,8479370,7,20222023,BUF
1cf5395c11dba597e900bfa278b94992,8479410,14,20222023,TBL
0bf31f6540cf0b02f83429ce485a01a1,8477240,17,20212022,DET
25dc7c6c6b2dca4b9347b171d8ac329b,8478449,25,20222023,DAL
4edcf78a6b7f0f89effb6538114af35e,8478902,10,20222023,TOR
4106d4bd63ede2debed70c12a68d734e,8475820,55,20212022,SEA
3c0e54bccf9fc156df2d0947bdc058e2,8477467,55,20222023,SEA
4276bdccc03927ce69209fce47d996e5,8478366,24,20222023,ANA
cadde0d623f2d5ccb8e3dc5f64f2778e,8479442,20,20222023,CGY
abeb7be397a2887eaead3e1641420605,8481600,26,20222023,LAK
09135b3add10ab07fd56ecf93360b27e,8482192,16,20222023,CHI
856f446e59f956d9ea660a10df2c5523,8476461,4,20212022,PHI
ea5ee1a7a3ea67b0a5cb3cb83273d04e,8475799,52,20222023,WPG
9747cb4ff888537def7dde47b8d0632b,8477512,1,20212022,NJD
1db37bae6f92b75df0b4a5f61ccab551,8479328,9,20222023,OTT
f8b408ddc8aa9d80f633155b9bc34ab3,8480797,4,20222023,PHI
b5dcb615e9272e4b733a5aa30b135c5b,8480027,25,20222023,DAL
4dca514eefa74a0becae23d72cd62102,8480890,53,20222023,ARI
7f2ecfef77fb049d6575106273759006,8475193,1,20222023,NJD
026e81327e69e34b51b656f3b322b9f1,8482660,29,20222023,CBJ
019a171dc4a9707c7de1be49d9a5b4de,8475750,30,20222023,MIN
7eb7717374c6eeb5204ae46dd8d4cb44,8482089,19,20222023,STL
8a116dcc9664e4e44f73515d57c593ba,8475714,10,20222023,TOR
0b794ac6c9ec7ba0d0428dbe1fc88e1d,8477474,23,20212022,VAN
bad98eb994950c9d402157d213362744,8478062,53,20222023,ARI
e7069bf2096b22ca6c15046e8a7afc62,8482092,9,20222023,OTT
e595d8f980e9ac581d736b4cb1febf01,8479421,26,20222023,LAK
fb1619eb433149ddf25b071fefdbe026,8480263,9,20222023,OTT
b42a403a2fa8d8df85b66d6299e3567f,8480292,29,20222023,CBJ
fd3ed77589b4d59d8d9727d768152525,8480858,8,20212022,MTL
20891d2b26cb60926b029667a37d528a,8482821,16,20222023,CHI
376cf88354cb6cd89fbc88b6a25a09cd,8478452,16,20222023,CHI
6d2461459960af75d26609a9a67b971c,8479578,13,20222023,FLA
cc07768207daf7481ec83f8dd416306a,8480980,30,20222023,MIN
28413cd27c8fa7ee70e601c80ed070c2,8479335,18,20222023,NSH
5eac19a4c2d3bd6f1ebdf9d974960652,8480029,9,20212022,OTT
7aa7c367e157d101cc4b3499862c7809,8475755,22,20182019,EDM
ec16e9068bce6aff17218195e2a9be6e,8478472,9,20222023,OTT
abd7fd752a224e0748bfbc72b01c557d,8478906,13,20212022,FLA
4439c517687c66067cc5e5625ec2d439,8482740,25,20222023,DAL
aeb723ab36735e32044661b65511836c,8476468,23,20222023,VAN
59cb7524c02a55fc9ae2bce85eda4f62,8480188,28,20222023,SJS
8ec3bea118a56614fd93652a67c35f6a,8479534,4,20212022,PHI
8d203d83fff2f39a11d145b34b893093,8478542,21,20222023,COL
4700a09d27b3eea67fae8ac6d3f162de,8479291,20,20222023,CGY
8964121214d4ea1da91202787c24c00c,8476459,3,20222023,NYR
2acb4edfe091d60809e92f655e255ed0,8476967,22,20222023,EDM
a094d12747b555758440f3dd231162c1,8481629,9,20202021,OTT
fa60bbae21583ddca844af2fca2906d7,8481849,54,20212022,VGK
11c2365b82ab492746f3147836962796,8476875,8,20222023,MTL
dc6efb63a3b5b565444a45e8b179aa72,8476914,26,20222023,LAK
2c0f226acbe012b62e5fc2d4b47f755d,8480865,2,20222023,NYI
b7c51f98591c0f9575a5cf30c8664360,8475752,19,20222023,STL
7ca8c8582fe93750358f89a24931561b,8479355,17,20212022,DET
51bea982a8a51db444cd0b13cdff5e7b,8469459,29,20202021,CBJ
e8c90e768e8d1a61cbab195f4756ab80,8475857,18,20222023,NSH
dc421d7110be87c9a6374794657f0e93,8479984,18,20222023,NSH
b5c18fed2315aab838dc46157276ac1e,8480213,1,20192020,NJD
7a975c23a495b92a975c65dfaeb50e14,8481555,8,20212022,MTL
74bf81c44148b24920f0cfd04c473382,8477507,20,20222023,CGY
f3f54b740118289576241228a19a7778,8481630,20,20192020,CGY
b309556330927dc231ec4ead22c6ad66,8475218,22,20222023,EDM
40a0a2f43bbd27977250fee350b98c55,8475784,7,20222023,BUF
fe2c5fd862b3329431b303c95a809365,8480208,9,20222023,OTT
e2585df912320888cc6026ae6c15739f,8476983,2,20212022,NYI
fbe648baaa4a5f4b14e32b0d7c3848a6,8482110,1,20222023,NJD
fcc7346ca39bdc83ea9dbcea5f814d53,8477335,23,20222023,VAN
8917b7e00bc8dc4c839249b8bdfe1e72,8478493,30,20222023,MIN
a34596e9515ff10963c6d10e3204e7ed,8474870,16,20222023,CHI
bf1cee680cc47cbc0023cf7e14614baa,8482125,1,20222023,NJD
7bc59b5d5a806ba62b03f12258a64593,8480037,13,20222023,FLA
823bba02607dccbddb7ac7b6c19422db,8475181,19,20222023,STL
de83d5121be8e397b98469bd3860abb5,8477851,17,20222023,DET
152f292806c35f137c0ff3e92d8d2d59,8470281,22,20212022,EDM
6185fb4936d9286310288220a51918e7,8474715,4,20212022,PHI
ba37a5f44b41a9b77261836cd7dddb36,8478075,16,20222023,CHI
59702c94c0455dd2f4d7d6fdecd44942,8477511,15,20222023,WSH
6755169e2350033db521f3003b033550,8478444,23,20222023,VAN
da5f43c62d97e8eb2cbac5220a31d891,8474565,54,20222023,VGK
0b5bbc87aa0436ae5b3e4ff59667c429,8479933,24,20212022,ANA
0391d78660ba43a41bcced832251860e,8480769,25,20202021,DAL
07a3af1aaf78b9cdab911f79befbbd0d,8482408,52,20212022,WPG
1bab6ab7e494127a7bcae92e97891105,8479413,14,20212022,TBL
c6e8fbb8cffa6fdc772d155e0ee41671,8480863,14,20222023,TBL
c6441b3a1981c4d9e7d2b053f203c5ca,8482124,26,20222023,LAK
3769c9fe27e4d7657bb6a158c068c613,8482369,28,20202021,SJS
a501a44c02687614c8798432a85e1e45,8482113,13,20222023,FLA
d8ed19c38e665a897c5b3acdbcfa1c5e,8475907,23,20192020,VAN
9834d8ae619170eadb55f6dc7407b9dc,8478028,25,20222023,DAL
5a34782ff9da5fa45f8bf9750c84496e,8481577,18,20222023,NSH
ae81fa4a532c1a6d09032505648aaee1,8477495,16,20222023,CHI
63675d9cd06794943505f5dbe7cc22f4,8480821,17,20222023,DET
b5effea4aa7dabd18d6e79d745d82926,8474038,8,20212022,MTL
c148c6f8d0fed7089fbeab07528dce2e,8475234,29,20212022,CBJ
c4c46de1a7b1f187405afc76467a44dd,8479347,22,20222023,EDM
fdc22f428bdad7e5b849807958ce284c,8481789,55,20222023,SEA
173454e0e49e38957cf00f5b93c6ae67,8482712,21,20222023,COL
4d7f6e29b70c222d15286a6ee7b1cd8e,8476505,17,20212022,DET
7d89f1511765cbe6b09198d09ce1663a,8475768,55,20222023,SEA
aaad57122aec5a6a4457cbc8f87ed87f,8475793,18,20222023,NSH
e82a0f462341af4e0974076141809d36,8475160,10,20222023,TOR
3376448eca8c90af12cd90242da1ee2c,8475906,30,20222023,MIN
e4b64828b6cb83b730593a1d6256b049,8479249,12,20212022,CAR
f3002f15e0f33a8d4bbbcc51e66fbd2b,8477541,30,20222023,MIN
06e22cd47d5ac57eded9246b493cd759,8477941,20,20222023,CGY
422d626aaa644f84dc832c1bffa4e163,8476869,12,20222023,CAR
0dacda78fc1ed1da9f3b8d3e35ae542e,8477970,1,20222023,NJD
1e7ee0263a7d41fea9256711757f5674,8478431,28,20222023,SJS
2275c97f8c6a63b6b5401c48d73f727b,8480363,17,20182019,DET
94ce8d5e1c93bf02ea08ba4fa473d7db,8478047,10,20222023,TOR
bcb32fd624ae9d4973b8370e4a3fed43,8478872,53,20222023,ARI
562a6ecab5315401a9ddced07d2d52cd,8479420,7,20222023,BUF
97a3d68eb579fba72fab8c5207519390,8479580,9,20222023,OTT
03e8af073a30dea0b37eccc90fe35f4e,8480068,5,20222023,PIT
1725054eee2a00bef66191771ca486ed,8478465,23,20222023,VAN
cf6e46e63baf273d55b84f0adc7c831e,8471873,6,20222023,BOS
6ea9cdcdf0594c7ae54a050f06b5f6be,8474596,8,20222023,MTL
6ab55e3b9a012f447ebdfbce24d26c34,8478864,30,20222023,MIN
b101f4389c480c6da9e68b9c46bcfe6c,8477998,22,20222023,EDM
8bfb7528cbf66bf8d775484efb7ffca6,8478967,29,20222023,CBJ
b071ac979c04096761dd49b6a283fc6e,8476372,4,20222023,PHI
f2b7a91f573c0321d61c7f6b504c559a,8476925,18,20222023,NSH
7bc8439c80a5f28a6ba3e7f4ae4158c1,8480849,53,20222023,ARI
5fbe71a82c6ee1037a031ef063ac038d,8478585,22,20222023,EDM
c272a93a4c182d08b03c5cda2a09aa37,8478408,23,20222023,VAN
18faec47f186fd509a3b510035cf6edf,8477987,55,20222023,SEA
2e8e5225a454615e5d340cb6994352e4,8475726,20,20222023,CGY
c29326ae0531eff8296332f503b452ff,8482105,9,20222023,OTT
e907bec13481be40822b3f06986e4470,8480355,9,20222023,OTT
f592090e6f741513a7670b027c507692,8482116,9,20222023,OTT
1491a660fc5c2d74434cceaadbd06296,8475797,16,20222023,CHI
98b57c90e782b67082cef344e6745687,8476982,24,20212022,ANA
430c9c14966c704c8970aabb38cd3598,8477454,17,20222023,DET
ddfe081c9ab03004464ce0f6516cb937,8476166,5,20222023,PIT
8c485ea1a434c9be3dbf5aa2eece02b4,8476880,15,20222023,WSH
456f86463b021878f4598bfe08dc0fdb,8479398,21,20222023,COL
780c03db7b5dcb46fe91dd016c0ce7a2,8477994,17,20182019,DET
1517ef88f488ed98bc51970869e06582,8479482,15,20212022,WSH
2d8b874b1f909477f9f9fb64f6f15905,8474567,14,20222023,TBL
96bc1165c03b7d616d9f4ec985f794af,8478434,54,20222023,VGK
edb125b49bbbcb025e11cb91ac96589b,8480871,29,20222023,CBJ
0acae862f2ee8f5831bcb2242c6b8a43,8479976,53,20222023,ARI
aaafa54d87c01d219595c5a46f7a3905,8475852,16,20222023,CHI
ff7e0531c6917bb0b119ff7ac16d766a,8479416,25,20182019,DAL
588b1dbc9ef1c4dfacac5ff53cdd6b73,8481522,7,20222023,BUF
d3c23da363b8ad28d05b50c77bd2e3d6,8481656,15,20222023,WSH
b658428a70de75cb43f11a3133da6125,8476449,24,20222023,ANA
0025d956c81956768f3a85eac9067e15,8480441,29,20222023,CBJ
567efcff14a628cc2a1684675505523d,8475789,22,20222023,EDM
2b680c9671300ceaf18243e2a12c6054,8478443,6,20222023,BOS
62a224114868d93dd4611607b0d4d05b,8480901,52,20222023,WPG
300b0355da3c87adaf5858950249669d,8477527,2,20222023,NYI
0ca5ca423cee0bfc1fab09f7032c2f31,8476454,22,20222023,EDM
c2f35e8c52adc26812de7106a9591e30,8478021,8,20212022,MTL
b18cb2eb16b587d560a690b96c7b5f35,8480053,28,20212022,SJS
cb40643783a18c5a9a59b3b76d98c94c,8482250,21,20222023,COL
aa14fbaea85a8247046b325054d9c0d6,8475794,25,20222023,DAL
9a2326d159abf7875e9841400bd53362,8482122,30,20222023,MIN
56ef6b9f3778f91ff13af0d86b27db3a,8478873,24,20222023,ANA
bb99c59f133e462a34f1a57581501f95,8477456,21,20222023,COL
d1ffafd8f5100c0cf7186ac9b2b5df50,8471669,12,20222023,CAR
a4172395c257d965d41e47a851a7cd52,8476885,3,20222023,NYR
3467128fbd760bff14fced2738e3712f,8476400,9,20212022,OTT
b3e8119948d36e9d30320b765855f23a,8476545,16,20212022,CHI
a7fbf9695a7a166aaf3f51163639c1dc,8476346,29,20222023,CBJ
7c9504e23ba03277c2cdd03eea134709,8479358,4,20202021,PHI
cf0c5d37ef3d475a02f400ebda3c9ec7,8482452,4,20222023,PHI
9930ba094ce03f68e470c3fdbfc054a0,8481572,52,20222023,WPG
03bafdefd0a3b00ada010f5835e35575,8479941,29,20222023,CBJ
1ee226e6070941edc86e47f877f774f7,8479968,6,20222023,BOS
a12b15de96f1351d0cc48c25e3b6c1ed,8475164,24,20222023,ANA
8c12cbdab5cf18ab90490b6e9a7ee9d8,8479772,26,20222023,LAK
49e3ed1d113afc0949754832dd52b8a6,8476473,16,20222023,CHI
95fe6d532550b36140a2e6681e70adcc,8480113,26,20222023,LAK
82e68787d3cd8833f37df3e158b67c73,8470607,16,20192020,CHI
59053213b23eb95bed6ab5b127e00810,8480836,5,20222023,PIT
9f7ee25ac8a572ea39d6c5db66140c0a,8478013,17,20222023,DET
1545e0fe0d2647bc8ec0d8901b6d581a,8476234,21,20222023,COL
bd65e203359e6848d86b3a820c784ed4,8478115,2,20222023,NYI
4343a39b5774ea01daa8694c256f52d3,8479970,22,20182019,EDM
8b3239523cc694bcf6fe8adaf50ddfd9,8479992,17,20222023,DET
9d91a1d1cb56d06fba7a6dfa2faafb0d,8476897,30,20222023,MIN
843acc6d8f0a5a4cfbb52a5b4912a158,8470621,14,20222023,TBL
c0eb5c21bd507c04affe6d3d3622ae0a,8471303,26,20222023,LAK
3029849e587769314afba6a761096aca,8483460,29,20222023,CBJ
116e613bf4b9a34df6d2ad86cfc9e371,8478131,12,20222023,CAR
06a793f833f0f5c64249eb67acf3d6f8,8478483,10,20222023,TOR
5f6a979e67b80feb54e47414be83e979,8475176,4,20212022,PHI
36eae96d2d2c75234dea2ed824f664a8,8477482,18,20222023,NSH
42883a9f727bcf4d505af7a09ea0c35f,8479379,13,20222023,FLA
1e42ff7b2903b432bd071a2d1c26bcd4,8478401,6,20222023,BOS
106a12c56ecce9b249a6d81a0cb79c99,8480083,12,20212022,CAR
8ff1d2d47b9b327e665fd680900ea632,8481524,21,20222023,COL
372029a3ea7e19bf2e6c36ae95177d59,8481582,10,20222023,TOR
e3abe35037e2510d46ec50369efe6475,8477424,18,20222023,NSH
2bcc6055edf8e2b70625c12e6cbaba77,8479510,10,20192020,TOR
4d9a7a6b11447ae2a292f83e4863f3dd,8480036,25,20222023,DAL
4c6e635fa9193b7a02570c958d0b2a16,8475735,3,20212022,NYR
5bcc693f37663e2fc36dbb762dd143f9,8480855,53,20222023,ARI
dab6745c496a03e20db840f632e2e928,8479525,14,20222023,TBL
138ffb1c88fc8963858c4c6f9948b64a,8480326,23,20222023,VAN
8ddf1dd620acc088d903da246285dcdf,8476525,25,20222023,DAL
a47b962ce64692180a1a5fef97a00784,8479546,6,20222023,BOS
3bf9b22ed4659ed9b3699045c48d11bf,8469608,22,20212022,EDM
6524a9ad6f7fb106e52372d76017655f,8478106,21,20212022,COL
233fb76757b63de1d76425cf76c6a4b6,8480252,16,20222023,CHI
76bbd603128213fd9e5fc0b089238712,8475788,23,20172018,VAN
4590b81464ca4890a6b9f256367abb2b,8476999,6,20222023,BOS
4a4e3621bdc1359a39e65c0082f48d1d,8477429,17,20222023,DET
f29e0147bc632e71b02abfc3c03f7cbe,8479661,14,20222023,TBL
d4a46985147ed1f6f3fe23948a521463,8480196,7,20222023,BUF
768f12b28a657042094f7446b3e47939,8480238,54,20222023,VGK
f7a9d9c3397a3d930441dfdebda531f2,8476873,18,20222023,NSH
8c6982d0f663ac1c3bf2babc47d0ad33,8471734,54,20222023,VGK
47091df532b1336eebf036812d37e502,8480056,23,20222023,VAN
9beddbe176ff39f1d4a16253fda1b687,8480839,7,20222023,BUF
062de0fe42ffae738239cf39d7011fb9,8477948,4,20222023,PHI
e45dccc5dc494e419ea66ae7c05e396d,8477989,8,20222023,MTL
76db0584ebc7d5dd490aa26e3245f8d8,8480979,53,20222023,ARI
8cc1b74a706b1dc5ccf959c721f749ef,8475413,23,20212022,VAN
7485173844bc6ff68ee5fd1f127b8707,8477392,2,20222023,NYI
f08763f2244f1b457d2ef2d9fdb31f89,8481552,28,20212022,SJS
95174aa9275ab426bd108fff954f38c3,8478911,26,20222023,LAK
eb8323621f81a4ccbc19e59125102e50,8476981,8,20222023,MTL
1358fcb1e212b590802800abcd7876bb,8482095,9,20222023,OTT
4f5d24eeb9e003582c5b54caceba4dfd,8478971,53,20222023,ARI
92298a086f23d798d99694bd89dd15c2,8479388,7,20222023,BUF
8417012aa82bf131d416357828c02ed5,8477942,26,20222023,LAK
f8836892ead4aa53e29bc59d7c277af0,8475825,25,20222023,DAL
328a242a07e6a92414a611d2e8c08f2c,8476422,6,20222023,BOS
c605755521624f885ded2b15596db198,8481070,19,20222023,STL
10c3d5ab13856f85e577c78282c46fa1,8483620,29,20222023,CBJ
b0d66fab59f5db6b575bba997d2ea3ae,8474641,24,20222023,ANA
401cd993ea9b1443cd4770a20fbddedc,8480306,2,20212022,NYI
e74cc3bd0d7a8ee6a0693feba7e281f5,8480830,12,20222023,CAR
1666411172763abeb924ea8d2ee55c2e,8478024,17,20222023,DET
3c33de714f5ce69a6d590c86775ae23d,8484125,29,20222023,CBJ
526a50c155a9fb4db8d0e61fa6335014,8480007,54,20222023,VGK
bd1249fba7388e7d33701ca9856802c3,8479447,3,20212022,NYR
b131d05d631909c69b406883cdd0328b,8481530,24,20212022,ANA
b0541921530e0820be8433f2cf01a8d1,8476374,29,20222023,CBJ
d0d7bb329493d5ccc53e578215373e24,8470794,25,20222023,DAL
93d350e3848273e3d2ddebc1e10c4b0c,8477384,53,20222023,ARI
3ece1d87e23c381cb1ed249aed2b8e56,8481624,23,20222023,VAN
c2669d9145f018f97f1eb985389492ae,8478841,24,20222023,ANA
ccc1ec47c11f8608bf7cc484dc6aeea6,8480054,1,20212022,NJD
355636a9d0256cc63c4ca3e3c8f058a2,8474593,20,20222023,CGY
977a43e12c3567f1a80a1963fc63bb01,8475186,6,20212022,BOS
baa2f85e365300e40c61d5b899a73325,8476331,52,20222023,WPG
9668d96852b2d337da45ee381855d534,8479518,25,20222023,DAL
aa0b5bd8a37d482bd557f95e44384448,8481239,26,20222023,LAK
28131c9d8f94e748b6395c647225166d,8476433,17,20222023,DET
ed8d2d6558fa794c79de59042e7bddb3,8477936,2,20212022,NYI
bbf19ddbec215be65efcb2ce26808830,8482222,28,20222023,SJS
de477a910bbe614969dd244209293177,8480078,3,20222023,NYR
d5a8eec5ddeb791aa99e1a5cce56977d,8471887,13,20222023,FLA
383e6a114dad225e79be175f086f8ece,8480798,16,20222023,CHI
2c20a7c8ccbfe1f0b491a22e5db31e76,8477986,13,20222023,FLA
965f0bb4280274032c5153b360558362,8480005,52,20212022,WPG
c040ba6161206eeba3d44218b5a0b612,8481617,23,20222023,VAN
e7f4ad332cdca5779e430f379ff82ed9,8476903,29,20222023,CBJ
fc08745cc3a0e514825d6754fcf02f4a,8481708,3,20222023,NYR
6fc5d49ad4fa58470934cdc14556495a,8476872,4,20222023,PHI
6f6255ace06d1357d0e839d2d736eecb,8478460,29,20222023,CBJ
10ed54f8543e8772813bb61625e4dea3,8480935,7,20222023,BUF
216f6103230bbca57edc508351f31375,8475171,23,20222023,VAN
c701e646f960d2c631618c1e256be430,8482679,20,20222023,CGY
c02ea5dd9e8f0731c2b68939b7bfa9c7,8471695,6,20212022,BOS
1701244eb0f23dfda60ddd6df750e496,8478462,54,20222023,VGK
9fda916c2cf34b4695f3c1997c1f380d,8483424,8,20222023,MTL
20b9c8ff785a5811c2eb6ac649015337,8479292,15,20222023,WSH
9a14fbe7a4e1bb71d4ca20dc5969cb01,8477018,54,20222023,VGK
b988de5a9f61dcab385b92512a262ca9,8479571,28,20202021,SJS
d7a26bd96bf1ca50e30431df61d715e8,8477070,53,20222023,ARI
625ac672e92a423a0f5dc2e1732a853e,8481147,16,20222023,CHI
3228598e8b6392fbaa37b45f5e39f4cd,8476874,17,20222023,DET
1582f01d41910e053bca76511ca35ee8,8477355,7,20212022,BUF
c3169f5a1873dbce2bb4bb5ccd9003b8,8480443,52,20222023,WPG
4b8345e6a932e2745cd0c2334a8e1ad4,8480807,7,20222023,BUF
b923c56b6df6e4701ad0bc165eed5002,8476779,21,20222023,COL
259c7887e3881de316d89d346f87153b,8481544,9,20222023,OTT
821dbef122fa4f7a11604b4c3adbfb63,8480833,23,20222023,VAN
106aeceab132fd804d16877384e435ef,8481032,54,20222023,VGK
3f1e445fe297f0cca304a7efd4b93eb0,8481596,9,20222023,OTT
ca47b822de78f0776c1da0052ded745d,8482175,7,20222023,BUF
f6ece3ea37bf4d7c32f688fd724ee2b4,8475184,3,20222023,NYR
2ca899bb3bd7be67b49b9f8fa702eae1,8478477,17,20212022,DET
66f2c46575f9fece490f534d1ae70356,8481679,9,20222023,OTT
3dcc6a68240b465ecdef4f99aef2a260,8480002,1,20222023,NJD
7c0e28ceac42be631d4f29237c5aa45b,8480891,53,20222023,ARI
c77fac55fd423703c473aa017711401b,8479337,9,20222023,OTT
a29b7177755d1cab5d629c76ce54f2eb,8480032,21,20222023,COL
8f346490686c23b5fad2b3717db13a95,8482399,29,20222023,CBJ
c19d458088e6ba8da95258ef06e9a5d8,8478397,20,20222023,CGY
c212eefda5cec13e6b95f7c4a5ed662a,8478550,3,20222023,NYR
acb226c337ef7f1ebc700b1695da40bd,8482081,8,20222023,MTL
6b05b8dc65532026f602fa7af094b462,8474161,29,20222023,CBJ
a01fb162ec121b4bde93c1a493316ec7,8481019,52,20222023,WPG
003678440391b4448f37a819d625ea88,8483597,53,20222023,ARI
8f52f25a1f840df58c2f63d0b75f97c1,8477021,10,20222023,TOR
06ae885b08d32e1ea744b8cfce2016e0,8478512,17,20222023,DET
c1a22a7f50a84ebf1d84ac03d1276f9f,8479644,17,20222023,DET
66d58f7b2d37686e54716ef821fa2c97,8474563,26,20222023,LAK
5ec720a06fd88c9163762f501257fe3b,8479462,3,20202021,NYR
3f50e6254ed5934a7131d3655bc3ab9a,8481559,1,20222023,NJD
74c58fff24be5d3c3dbba9370fe74250,8480220,4,20222023,PHI
4508cbec4406488533d7b453b39e2345,8481812,28,20222023,SJS
ab6119aa834500a8ac6b7de1c2a4e29e,8478843,21,20222023,COL
8cf8b6d28550bea08bc5840bdb67a233,8474628,20,20222023,CGY
9324cbe9383983113d4d989959008e2d,8478414,1,20222023,NJD
e038f4b373c7d935be1833019d993139,8479991,3,20222023,NYR
aff71f434e888f571a3fd63567d91a85,8479320,12,20222023,CAR
1bbe3a9465060179dece0ba3a1119612,8479729,10,20212022,TOR
6e051f1d3f85d47bfb5fddda58b38b52,8482146,18,20222023,NSH
a21ceea79da9868254acdbd1df9ff2ba,8476624,3,20222023,NYR
4066a0f1a8f3fbf9647e6c6e76e39913,8478469,9,20222023,OTT
9a905e4d58a0c7219700b9e99cf5ba0f,8480448,9,20222023,OTT
54dc5e8b052566c33471d7f6ff7a283a,8478486,17,20212022,DET
af93be3c643c8a39e9cc46388cbb505e,8480817,3,20222023,NYR
0bc6dbad9fab4aa80401fbd8a0f7546c,8474667,53,20212022,ARI
d7279ce64d2064f93fe88902b9697f47,8476854,6,20222023,BOS
e1e0a2e768f865d7fddfcadfec53c856,8477993,24,20222023,ANA
08ac92c9872e0d3b7881892976df079d,8475683,13,20222023,FLA
dd81e98855e140bbf5b05c87fdf4251b,8479718,14,20222023,TBL
f17d6f4325b9770297b98cf21165aa76,8480058,5,20222023,PIT
9b9c5c6668298e5b0b3ce32eefcd5e17,8479983,28,20222023,SJS
f76a38b7ba5a40d13bcb2fbd57830bce,8482655,53,20222023,ARI
53f6eb66c9800b88f6af3cd4b0696195,8475324,15,20222023,WSH
c420b54a32e1ba19ff7496172ee819ff,8476312,21,20222023,COL
fc0f5109481db467e8fc5543d2ff5dec,8475461,28,20222023,SJS
75004c6c88efbceea3be6c43f5a25c39,8476483,5,20222023,PIT
8e66230f71347b4f7736d97d6f97e607,8477361,26,20222023,LAK
138c4eb2a0a35e6fbd41b43bbce2b922,8482101,28,20222023,SJS
e1386153f13b4dc2783ef8e82b517d9f,8477496,20,20222023,CGY
6c8bdba9dff4359e3770f9032d9316c6,8479339,29,20222023,CBJ
d52452178154080cc52fbaed5d90b139,8478466,55,20222023,SEA
7488d7daadc2dca57beddb5a6566c8ec,8473541,1,20212022,NJD
05ea9a95998f3d698b3cadcc3cdedce6,8476453,14,20222023,TBL
01a121c166db81d64c7ee1720ab3c8cc,8478965,1,20172018,NJD
113d77883ce28b188b144627fb7fd15b,8479748,54,20192020,VGK
8b9ecff3fe906ea378058e3bc9d01b9f,8479415,1,20222023,NJD
35993649dc2d3b43ecb8c48dcaa24a1b,8480144,10,20222023,TOR
928d0b7bc8d975cce62a9e0e005d2d72,8482097,7,20222023,BUF
8e085524aebf93021f1c9a4ae2aed91a,8482157,3,20222023,NYR
acad1947e7a5dddeace108c8fad4daea,8482762,17,20222023,DET
c27fd2d700e2503ded19ed2b5b18b7ee,8478567,29,20212022,CBJ
f6e29848db81a870f6dc95ae620463a5,8482055,5,20222023,PIT
b3d6822b88130c0a0434d0ba8801204d,8476891,6,20222023,BOS
403abe4084177ddca134ad7e75c04dbf,8477003,17,20212022,DET
7e3e1fb9a81d5106a3e1d437d0146927,8482245,9,20222023,OTT
fa298a58a6a26c3f9d2f6d8da91737e0,8477419,1,20212022,NJD
3807bc1f697ea1ea4c9cb536b139519d,8477955,55,20222023,SEA
2172091552e08ae5bda7805f95f58240,8478178,14,20222023,TBL
c04ce8b40f2f39d1ff09774ef44a55fb,8481720,10,20222023,TOR
5348b591483ea5079f613c631933813c,8478480,53,20212022,ARI
2c277397e6647fcf639705e5bec64850,8480844,13,20222023,FLA
fb25b9b794943f93f9651874d3e66ae2,8478040,52,20212022,WPG
bc1f19c6c833405ea150795bbee09083,8477499,4,20222023,PHI
6f60ba9eb54ed04e42a97f9a3bdf4b59,8477938,14,20222023,TBL
0089327df2ec420fb236642185343047,8479346,20,20222023,CGY
492e8d99963c1feee961a74c6629509c,8480806,24,20222023,ANA
a3ecfcaa115757b471ddd032b747184f,8479385,19,20222023,STL
ec0ebc019a1944553b41aa013df485fa,8481521,4,20222023,PHI
4e0f430e45b957f73465a354250e2290,8483515,8,20222023,MTL
7517eae610be0a7929b7dbca80fc9c2f,8477996,23,20212022,VAN
a6ac5369c150bd2aa32b805df4235de0,8470610,2,20222023,NYI
f0bbf980a6fc263f1a64af55cca77a91,8477953,19,20222023,STL
15f5cc6b4f315eba1b009588e86561fb,8479376,10,20222023,TOR
5b0bfc4f365627c670f76756741201ba,8481601,2,20222023,NYI
18390e53443c7ed1829217c95a09735d,8474884,8,20222023,MTL
1d2def7df00d44c997441337d52d05d4,8474166,54,20222023,VGK
b95f47d4dd95a18528730fcc3cbe340e,8481598,22,20222023,EDM
e9fdb4612fd5113f78ecedc4018297b1,8483397,6,20222023,BOS
7af68c3ced82da4bbef9969f4befb7b1,8478467,28,20212022,SJS
893847a6a4566ad36894672b9078d1d4,8476442,21,20222023,COL
2fb68e650804a91ec95b2bab846cb26d,8477506,2,20222023,NYI
7dffff85b3f135dc33ab2cd04895f2f4,8478458,29,20222023,CBJ
88f27c1943b9fbad8474c35072da274d,8477472,10,20212022,TOR
1ba6c0b96db768949532a8cb4936c990,8477501,21,20222023,COL
f58b86fa2d0f7c0e7bd9245a22250337,8478416,14,20222023,TBL
837e4aa5be1ba7e602f2d07fe8a9f81d,8477365,6,20222023,BOS
38dd5d5a4422d681b72fceb5a8711642,8477479,6,20222023,BOS
aed6630e0138cd5b42c3bf68a7f5d138,8481461,8,20222023,MTL
528e290045cb3f4c9ccad37617a5cf4c,8476341,9,20222023,OTT
b6faa76d14c304d5e187ea5d3e00e8a8,8476923,1,20222023,NJD
6918e3199df1e6dbfe9de341d634cf11,8477210,16,20222023,CHI
f5fc1876f94299e5f63711db87e5a5ea,8480001,24,20222023,ANA
73f9c1d5d16f32f9016203d0ffaafd38,8482665,55,20222023,SEA
e9be13ccd5964b09e8f9fa8700210898,8476456,20,20222023,CGY
85044a347b995424858c7f96dea3e181,8471679,8,20212022,MTL
8c9c1d1135f61fced0e8d979a6d2cae5,8479424,4,20192020,PHI
ede1767def60aff40669142052edc74b,8477341,28,20222023,SJS
57ba9e40f95b4f4d71d68a8713cccee3,8478438,18,20222023,NSH
ef25514db4494a10686e389b3c469182,8479406,30,20222023,MIN
f82b1f88bb8e6384c1dd62c58c8eed82,8473604,16,20222023,CHI
22d2f8693e989b5aa1a979768a3bd86c,8476915,16,20222023,CHI
a48df97a1263a5d13754902be34cc195,8477494,8,20222023,MTL
0fae85c7260fd7261c7317bc7232e07a,8479345,9,20222023,OTT
e7dc8211a52047142b151d08b9c83836,8481167,54,20222023,VGK
e9920788bdf135902d12d210cba9d16f,8481020,21,20222023,COL
86bc85d640ee78bf2f220144910f17aa,8476439,53,20222023,ARI
10a1a7c6f8c1b08003bd0522213b377d,8481703,5,20212022,PIT
5a9de1619160559e10ea546a8e450c1b,8476958,12,20222023,CAR
aa0736c5d97dcd8c43259268e534c66e,8478055,13,20222023,FLA
3ea91a3d63a1b5ab8f6068ffbfc66921,8479343,53,20222023,ARI
da2f93fc401b3645d739f93ed93924a6,8475690,20,20222023,CGY
5ad539a2589b4c4be305cb81c798ead9,8479404,15,20222023,WSH
0f4c7ea8d743c634a45ef5be43c5ac26,8480873,15,20222023,WSH
d6e11a3e3a95ca3ea4648341875bf58c,8475197,18,20222023,NSH
5316273d677bdeff565da26330d3bc49,8474818,10,20222023,TOR
046f92fdf6385aa53abce9a45f750390,8475178,53,20222023,ARI
ffc50317ead53a817782ddceb7892cec,8479439,28,20222023,SJS
cefe76acc21a14805810fe857e888b77,8478447,28,20212022,SJS
5b7b3087ea4c5f36ec797f4a782046a1,8476913,22,20222023,EDM
a7b90b9ee115a21e91ccd2b4c078d3ab,8471794,21,20222023,COL
7d93edae658dfd8e3329333c3aa073af,8480041,19,20222023,STL
c059032d736d1666c010dd287b9c3274,8476326,5,20222023,PIT
8802a500c0b6c61976edfe165160f3a8,8477460,53,20222023,ARI
32cbd8ca4aedb023e7794f26d26e7f7c,8479322,4,20222023,PHI
e97850d29e027258b8ab717593e291b3,8480814,16,20212022,CHI
4c73b1974812b4b396fd7e9c04a9c71c,8479368,24,20222023,ANA
0714ec4b92da22360393f3ebe6e0f994,8479573,21,20222023,COL
6521785ebbc0289ce59e356f8fcd5cc9,8483530,16,20222023,CHI
cd4c7179dba9499cacbdf85fc65c909b,8477478,54,20222023,VGK
a26735ab2a1b576fe2816c233b2a3288,8480023,19,20222023,STL
45b0b60238b3941b534d091f7d07709d,8477846,3,20222023,NYR
30d594a347dcc70b78356c5d176d5169,8480293,16,20212022,CHI
dabb0e73b8a382b4d1e691fa1601d8ab,8474613,12,20222023,CAR
9f01f80b9bbe440978ce4a8da3cd8018,8474682,5,20222023,PIT
dcbda30ed3732161b3180978fac09d3c,8475220,30,20222023,MIN
22b6f7eed04b266c8efacc313b7e6b22,8477831,26,20222023,LAK
04a74b7e3acfc2338f1576adabe44e3a,8478058,28,20222023,SJS
27a2355cd61c30289c74cc892112f106,8481827,53,20212022,ARI
96a0199506570348cc0b00b618258929,8482246,28,20202021,SJS
d504f45bbe4b128579a9bc1cd3e18197,8474600,18,20222023,NSH
94946745540778caa06d38da4cea4402,8477520,53,20222023,ARI
b946b96134304b8f033f45181c2ac10d,8482745,24,20222023,ANA
b60b4da3c4969b19fbecd22331ff5917,8479996,18,20222023,NSH
39ac1dab20cc98ae264afa33c1a93e3f,8479318,10,20222023,TOR
027f32a4ae802604d6679964e1989bc5,8474157,12,20222023,CAR
026365a76a000474bacfaac283658929,8474573,2,20222023,NYI
4222423f905e402b42b583a1cfa715e0,8480028,4,20222023,PHI
9b08919472ab3484de4b545243833b06,8479325,6,20222023,BOS
dd0bd61cd6c57da33f207dece7121ad9,8480870,24,20222023,ANA
e5c376db19dec344a5ef4e5770e2cddd,8477944,19,20222023,STL
69e39085b6585c0d16ea825961754e42,8476463,30,20222023,MIN
bf43a29386190066ab7c0fdd4849a853,8473994,25,20222023,DAL
4d21dbf89805d97fc8bca16c160fa673,8475855,12,20222023,CAR
7c01dd05cac29a447b06c3a2f55b2ffc,8475772,7,20222023,BUF
7504f6b2da00ddba35ab90024635262d,8481093,8,20222023,MTL
652eb1ea09c6084d867af45438d03810,8481641,25,20222023,DAL
3da60a8fd1667cdf1bf13315611bf63d,8482641,13,20222023,FLA
88a2e22ab565ea77dd960edf758c4f99,8474679,30,20222023,MIN
d39e5ce2884b05dfcab63a1932beea5e,8479393,28,20222023,SJS
1ddc1e51edee673bd4ae205051c883d3,8480459,17,20222023,DET
b2f9f292d2eebbeb31a4cdec7897f614,8482179,29,20222023,CBJ
385dfa4eacd7ed6cdedd26d440707baf,8475765,3,20222023,NYR
d67fef6920d3b2c116d02963913bc06f,8477433,3,20222023,NYR
74f7d4b00b727c2d95b86ef51bf53c9c,8476316,54,20222023,VGK
79b912f9958d4cb32a039b831bc3de57,8478407,55,20222023,SEA
ac59c03787d43ac42bbbf672b3227317,8477492,21,20222023,COL
3f1e5a4c2104a611aadcdb7dfc36d3ff,8482197,28,20222023,SJS
a3eb36212710b1528c2bf949c7c6a511,8475209,2,20212022,NYI
66eef17f84f4ab54d229192582432683,8479425,23,20222023,VAN
9eac1831a57a5af018bd28c70534ca61,8475766,9,20222023,OTT
391a8438ef352a697e38ffce6423095c,8478425,24,20212022,ANA
3c24911623344edc0b7a5d0ba1ced4c3,8476396,30,20222023,MIN
ac18568945007a62934a47c804d264d2,8477220,52,20222023,WPG
4d88b6f4ff18725af8571e49cc9ae420,8475913,54,20222023,VGK
21c5bca4cfb46ebed1f1a83af89089a8,8480313,54,20222023,VGK
8ddf94e9d5874df3b7464a80129e67cb,8476343,26,20212022,LAK
5707391f1b4e008548f03d3bcf61dd93,8480019,4,20212022,PHI
aab6a5b1dd558bed99d04a4e8e49c612,8471686,13,20222023,FLA
bd9fee73d54fd829ef2990b494bcc6cb,8479543,8,20222023,MTL
6147451b5b350fc03fa863b22da67b96,8475796,7,20212022,BUF
08af7feaa2eb268c0503ea0295bb0e65,8483630,24,20222023,ANA
09f6990cc94222bbd26b5a1d78a43837,8474610,13,20222023,FLA
4fa5a0f2170d4ef0d299457a4b27c90d,8479465,5,20222023,PIT
9da5e49817e1e21dfeca2a2b76d3cfad,8481433,17,20222023,DET
858356e766a296e600f8e968f7cbc51f,8479359,15,20222023,WSH
f9ebd6c3f2b4c598ee55dd6a0681e7ca,8475920,7,20212022,BUF
cac77bf31ae0ed392999d157a2103550,8479587,25,20212022,DAL
0c24a1f006c31d42a2df09f5707eb2e9,8480070,16,20222023,CHI
e2eaa682944f345c9ed715d7049030c9,8476292,1,20222023,NJD
2d41cb32117900922ea7593110561bec,8476434,24,20222023,ANA
be0443062efdfa6881028b4d1a5cfe76,8482624,54,20222023,VGK
f88798cce3982bf80999c7ffde9c0436,8471709,28,20222023,SJS
ab18516f5e097d7599434199501d3424,8475169,22,20222023,EDM
cd18ea7cc987636a439ed6430c9fec19,8477391,18,20202021,NSH
3694c4280e6fbba71fe56feb784454e2,8478421,6,20222023,BOS
8ad825e64a6d0888c0ea365fe0ef7ed7,8481178,4,20222023,PHI
5560814612a5f8d3c97562af33afc0e3,8473575,2,20222023,NYI
0714eca22e97f7b2ae9c31fcb0a8c51b,8476472,22,20192020,EDM
c49adb4e9b26008709f5ef356e33406e,8480336,26,20222023,LAK
f793cfcdbdbeb6b21253bd9b34e94595,8479985,55,20222023,SEA
2d6c0e1c2d99f439784b4ba5d052bb09,8480439,10,20222023,TOR
99aeffd3f02c690190b0d18830c00ca8,8480829,12,20222023,CAR
617a008a114a4f22aa74da08272f37e7,8476399,20,20222023,CGY
e605ba5735d6456c45006cf628360b3e,8479553,13,20212022,FLA
105d57f68b1abf363cd5462387e94734,8482684,1,20222023,NJD
eb5da6cfa31f8419509e82cea18b1588,8471214,15,20222023,WSH
1d619eca71e969f72109bf3bad68243a,8474013,14,20222023,TBL
7dee3598dd8e5395252fb0f492734a64,8476881,28,20222023,SJS
391fb25d43ba42af1f204f74407534d7,8477406,22,20222023,EDM
958246ffa14c9c06e657037b704be3e9,8478831,52,20222023,WPG
8ce1e7fb8e9d899fc4d0ff8bb540e3ae,8478057,23,20222023,VAN
9b0e6aa9a4359690842565b03caa2bdc,8480434,26,20222023,LAK
bbad823a759debe85db53fd326f26917,8479312,13,20222023,FLA
1551e608d1c2d66a4b5680edb36749ec,8477462,17,20222023,DET
01cb6455084755bf76ba5a853fc11245,8480022,23,20212022,VAN
4a3d73bc23e3947d648651f8e999df43,8480289,52,20222023,WPG
5db46443caa7de8c17fd5ef998956368,8470594,30,20222023,MIN
59959f81ff6cad2c1eb0a3affe10c67c,8480199,28,20222023,SJS
7624ba4978efe89cad31850049912d1f,8480853,29,20222023,CBJ
edfdea975cfc7015f5661870f63e02b0,8477497,8,20222023,MTL
70e51544e979f03ded0fd92f72675b0a,8482861,15,20222023,WSH
a41e4208f568b476087f45b3774abaee,8476878,7,20222023,BUF
3ae71f0d7ddfba9fa1475aa0dc3dd1b6,8478569,10,20222023,TOR
04b34764fafa81f5ad8be4087894c8de,8482259,10,20222023,TOR
4188d00f01f955677a8cfb86fb9ab689,8477034,55,20222023,SEA
244f27a1f62e38e383a20419da4b7a36,8479382,4,20212022,PHI
b2c5e0410191b1859e690a939fa49e75,8476412,19,20222023,STL
80938f05da7660e5453951cdc4027a57,8470880,14,20222023,TBL
739ac6b8959ce2d8647bdb79835adb68,8476285,19,20212022,STL
2d31216f31008cbb4717e281adc89594,8474612,9,20222023,OTT
526eb3f97c07981b5b4aa8b072fbaad9,8476329,53,20222023,ARI
72f887869b8c56431ca052d567152914,8482241,10,20222023,TOR
b0488137a5ad7ae5cca1ceabe35a473d,8481740,1,20222023,NJD
308af6fe9a8cd63df2323f9233b1806d,8480884,30,20222023,MIN
eb87266c4c9e45e7089337bcba364810,8480990,52,20212022,WPG
603a54830184fa967357f9b1f686019c,8482448,29,20222023,CBJ
02b8a5717678615502a7b7f747d9a276,8482824,28,20222023,SJS
89ef640ec11d8a9f29db61c72aaedb25,8475278,54,20222023,VGK
f4277f71ec3dfbd2a2a71438806812e3,8480259,54,20212022,VGK
3e72c999cf10f2a8497ddfaf5bd46cff,8481540,8,20222023,MTL
afc1b8659c132a5cd23e5fa54b2926cd,8481058,8,20222023,MTL
d355817aadedf082108bf495cd6e385f,8470860,3,20222023,NYR
88497017278ee8a078f3d8bab8cd0956,8475968,8,20222023,MTL
6355418bf9a980ee60ca35d570073ad7,8479414,1,20222023,NJD
91b9df6b1ce125c5247a58501fd00edd,8480035,7,20222023,BUF
9dd6ff68ab00e384802780ba42877194,8474722,17,20212022,DET
ef45164610e225ad2e07dd30a34866ba,8479341,53,20212022,ARI
0cdcbccd68d5d776ce87536d38cb694e,8479530,21,20192020,COL
94de5255c88a7b18a0e0d880eb1aecb8,8480087,15,20212022,WSH
078ce09993d2c063fcb1bee9ff8f0d8b,8482149,52,20222023,WPG
b9779acadadb6fc9cd89938508b781f0,8477404,5,20222023,PIT
54292353043ec920e6e6a44a2573a21b,8477573,19,20222023,STL
bd8dd40edd20ea88e97c5af093e8dcd7,8478445,2,20222023,NYI
9b30f2ea639fbbef8c2c0ff74406d71e,8479321,15,20222023,WSH
ba0bd4f8a7027cd0d9c170b23c21a130,8482720,10,20222023,TOR
55787117cf76d3935e725168395f2dd2,8471418,16,20222023,CHI
c15bc2b3b5b65a5dfb85a9eebe71a2e8,8479533,6,20222023,BOS
7b2590568dbce3799ae90dfc40f2f15e,8477946,17,20222023,DET
c2c3409033f79fa754c5e33ada95dc1f,8481004,16,20212022,CHI
3f6f91c4e6d355e4d7157a6ee0f1074e,8481563,24,20222023,ANA
c7073739c9fbf334669987e2d5e6bd44,8475283,20,20132014,CGY
a89cc16abfd71019159ae95ac7a9483c,8474564,14,20222023,TBL
a90a0174fba6d31d2c9b05cff449c00f,8479366,19,20222023,STL
308a01ab84a68a6db674f84e4ff76370,8475191,54,20222023,VGK
7e2f89b88c0e307229208f75492105b0,8477330,17,20222023,DET
e759f116d367e2147566e8e623e6db80,8478506,15,20222023,WSH
185afcfc82c22c16896a3785dd83dac7,8481597,14,20212022,TBL
df544fb8aaa20a187009996e133f13a3,8475744,15,20222023,WSH
fd8dd11b8e5774c679028ab70f721718,8479351,30,20222023,MIN
f66d795a5ee37e9b039c2fd40ff843a3,8477960,26,20222023,LAK
474b3c89da3549f477838d76d67d6d87,8471274,30,20222023,MIN
4102076f1c918571ddde7b3969ad9183,8474190,10,20222023,TOR
382f052fbf13501850f4020571dd7970,8476850,22,20222023,EDM
5facc3ae2d3c7440a801dccb0bb9215c,8480762,29,20222023,CBJ
8446e1a8d8f57231f6e3f4b8206a21fc,8479361,10,20222023,TOR
c2d326c53146a66f45effed0e6823632,8478146,19,20222023,STL
71c1abb2a791156a19cb8cdf5e020ade,8478856,23,20222023,VAN
d4f2b8d3e49777e1292c5218b3c17079,8479998,26,20222023,LAK
41e360adcc2924832eac9ce92466c4e4,8477234,26,20202021,LAK
4a92fb50e24cdbbf709f52fa5da67ef4,8481003,24,20212022,ANA
b4ac30acb9b3bf942eea88b2a82bc53e,8481528,7,20222023,BUF
25fb253786e00226b5a20c1df99eaeaa,8474201,14,20132014,TBL
f3297c4d96e56d1e5edc8b5ff57496be,8479323,3,20222023,NYR
ce138158c335168895aa0576dae3c437,8479547,20,20222023,CGY
f4aac49f4f89ea6b3cbc1d286c2ed877,8480867,9,20222023,OTT
d7b662c1400d88c2d5cdb497aae16da3,8483464,17,20222023,DET
f64336d58faf85815bdeb77ba7e7cbca,8478859,3,20222023,NYR
7fb420c1f7878e90d0b436ff5e17c642,8479987,55,20222023,SEA
31291178c316b1a59c49d3d0ececf3d5,8476460,52,20222023,WPG
649dc343f377304e74f19aa14b559e19,8479994,26,20222023,LAK
043095f1371100d5718455f2f520f6c2,8475745,6,20222023,BOS
fd9b4f1655a47ae09660caa28523c970,8476986,53,20172018,ARI
671f9bb159d8cb7face1671c50bd891d,8475718,10,20222023,TOR
e1137f3aa9f8e071d8b8b34381061f4d,8473453,20,20222023,CGY
29e8e29f70318c83015ee4e16ac7b7c2,8473503,28,20222023,SJS
0474be94c08dcc3258f9c2a32946fe0b,8480800,23,20222023,VAN
f0a3fd19a49355eb2a3f77216267349e,8479419,7,20212022,BUF
ae427bedc52ed1b63f81d291cc3ba197,8483619,16,20222023,CHI
ad411dfa95cf6d3da0463b0033f7a951,8477919,30,20222023,MIN
224484fa23259bd0f2e10eaf670415a4,8477997,23,20162017,VAN
a02d276757dd30b449980251186cba66,8478063,15,20172018,WSH
88c6a67f2f2dabd3c742adea255babb5,8479026,14,20222023,TBL
01aa1406edcc173bde36b1c6dcac104f,8480789,2,20222023,NYI
cd1b1455f772357319ad1ec4d2e093d5,8481517,24,20222023,ANA
d209d02cb9fd802ef9c15d0da62ca533,8475314,2,20222023,NYI
2b4b705918ecb556178cd3b45e5d4aa3,8475233,8,20222023,MTL
4cbe8a3acd2edba8de9bfa96eb795840,8477631,8,20212022,MTL
52b0b9ba510bf776f550ab469358c977,8475868,3,20202021,NYR
9c066b54c20689d095fad5110cfe92a8,8476960,16,20222023,CHI
1c1db0425ab50ba4f3aab2c7c4cedd88,8478468,18,20222023,NSH
ff797a8765b7e4b43196c006357e66da,8477353,3,20222023,NYR
31c75d83880ff193082b11af1ce1cf3f,8482061,7,20212022,BUF
3ec1bea5b59324e5baca1781ed6844f7,8476474,12,20222023,CAR
c260f44350d065c59b8a84400dd5b53a,8479364,3,20212022,NYR
a445aefac4d170db14b43933f86e6630,8475958,15,20212022,WSH
865049f764f22600892e4f8eacc8205e,8476415,30,20212022,MIN
d821c41d6a2f29747d4129f88afe5057,8479381,25,20202021,DAL
885f758027ba5b39af4a2f1cff6b0040,8482109,3,20222023,NYR
09e8f79c4844a44f67ef25a70cc7dff3,8475279,17,20222023,DET
f1c843bc3350a6b8a3f2159b90704fde,8481751,7,20222023,BUF
aac4aeec0b9eee2f740d37a842fba8d1,8475225,15,20222023,WSH
01096b0ce71ec83bbca05d2e95c33d14,8480192,8,20222023,MTL
5b27a2707df1a225644bfedd364b47c8,8480981,19,20222023,STL
6537cd4a45934a69002b818c4fca811a,8482078,17,20222023,DET
f10d6341ff07e8f0fe0d08eb6823e6b3,8479557,29,20192020,CBJ
b4c85cbe62cdfdf9de095a1abbc3ea61,8481541,2,20222023,NYI
739cdc3cdf9947b455b2928cfc75d68f,8476495,22,20212022,EDM
fdde9a02b14ce61e2fe46009df32c145,8480860,1,20222023,NJD
86d6c342939679d98dbef563a6ee2ebe,8480015,4,20222023,PHI
7fbe5a722c7e5efdcb6b26d1a3a43908,8480913,18,20222023,NSH
09cb2ad0ccc3998b878bc2fd42da4bd9,8475795,15,20222023,WSH
c47f118fd23c757adacd699c2e7851b4,8476867,29,20222023,CBJ
4e9ed0c9349bbe07721a6f58a89df408,8484254,23,20222023,VAN
4730601987eb5cab5b1d02996f38dcb1,8474578,28,20222023,SJS
4a73d91c8561e66d4c1fb6a44f90c617,8478056,9,20212022,OTT
f6c838bcddd56868dec52595378e704d,8475839,5,20212022,PIT
885597ca7a654958b028212e3d41d3ba,8477480,7,20222023,BUF
2613a84f84cf14256ed04231780e0fe0,8478109,7,20222023,BUF
3bf2086d19e35a4c18e8c3e5f4ca602b,8482207,2,20222023,NYI
c049e822080e5fd88a450d4007ff60e1,8476393,13,20222023,FLA
432122ed081a4475b5348e14ae004185,8480245,4,20222023,PHI
805974278ba136c596fe090ddebfa69c,8480373,53,20212022,ARI
f9145d50d7a5e237ce330196e16e7fa1,8480813,17,20222023,DET
da20f26e6355a00caca4233854db0a32,8479973,22,20222023,EDM
c0232ced36a063363b297f399393fab4,8478474,53,20222023,ARI
997685d2b2a98912fc2911c368a4d980,8474019,6,20162017,BOS
4ae9433a4cdcb24f671bebfa506a3cbd,8473512,9,20222023,OTT
5b3a2ab6c95b38f669be3af0a375e2a4,8481537,1,20222023,NJD
54f656b832e0e7a859ac1c39a78a45fc,8482711,29,20222023,CBJ
c02414f192666ca6f8c24187ad03e296,8478067,28,20222023,SJS
000a49c8a5c945c5e032571aa7c4ac91,8477935,13,20222023,FLA
9d0b7de7a1e3c974d87302992ffff4c7,8480011,22,20222023,EDM
70c0624586f208b240c0cd69846c94f9,8481543,19,20222023,STL
88ca367121b6de49b78461f121254463,8471276,6,20222023,BOS
74771070a384cd67508bb3d6cde9af1e,8479650,54,20172018,VGK
e1080ec531fadb5245f038483f031ae9,8481553,4,20212022,PHI
985ef890878247f3a4a577e7c4b35da1,8474031,24,20222023,ANA
ea0d10318dda999a7dbd98029df45201,8478011,30,20202021,MIN
fd8cd35c561cd4783d053422d1c70603,8481815,24,20212022,ANA
1210930e814d9e60865a278f80caccd5,8477476,21,20222023,COL
769993783d779797ef14762636d2f905,8478888,6,20202021,BOS
7fc169b1921e6e4e298461c53e3cf6c2,8482147,21,20222023,COL
2fed1e72cca357d150bb658083669561,8478415,6,20222023,BOS
97ad3d3a33093092bfd39217cf417804,8478866,24,20212022,ANA
255afcbee7972634e4ae9eb7cf79721f,8479423,5,20222023,PIT
c332b070b71f89b69d0750f71b1582d8,8480222,2,20222023,NYI
722b53580b2556bfa5851675d9d49fde,8471817,30,20222023,MIN
815134650a859017f25e81b28c52954e,8475625,15,20222023,WSH
27d136544178fb379362dd155a40b2f2,8476469,8,20222023,MTL
2951848a30909360f55c119ed4cd631b,8477903,6,20222023,BOS
c335b48525a2c99420d4b0ad675f7d14,8478432,53,20222023,ARI
5ceb9e830407b0640f77591301cc55f0,8481668,23,20222023,VAN
6beebcd8a2b578e3d918058f4de8de8a,8481059,19,20212022,STL
6ff9e0e3bee292a8c953189adf32ef68,8473548,54,20222023,VGK
efae783f368de673b3409ecf3b043010,8479193,5,20222023,PIT
7c22a0753ffb9e38f3e3330c8a208751,8483549,8,20222023,MTL
2af1b35db7de0a70ef927749952c67d6,8476945,52,20222023,WPG
e0ba912bb5f2f143d3412728e74c9263,8478476,52,20222023,WPG
7b646b71fefe8ac3cdc80ac6e19ddcd8,8475753,19,20222023,STL
506220577d64d4b416516fd839696128,8480060,28,20212022,SJS
c9d4e83eed75414fc1ed376a61113c6d,8478409,8,20222023,MTL
4df1b6cd9d1c6430c0e5518097fcf627,8480003,1,20222023,NJD
1f2fdee814a144f9fdbc9ba11d3f391d,8481532,26,20222023,LAK
a00c5eddf51b8cbf137a4c934e4971ac,8477073,21,20222023,COL
7b43840d7bd9653f112d4fb53b72f73e,8480843,24,20222023,ANA
829e8b9ba263c5d47c814daa585e61fc,8479369,29,20222023,CBJ
59dc5032ad9837b43a539c34afd8c01c,8480184,17,20222023,DET
f36110cccf71fbb47a5a4b23b6975af8,8474574,23,20222023,VAN
d7c1c474e32f62ecec824d0aeeb4046b,8479338,22,20222023,EDM
7ae2a43d1cf23454b4234811e5f31f50,8479536,52,20222023,WPG
06a40a47059a10a6657d875b515c55d7,8475179,5,20222023,PIT
39ac08848085d0b04db19b98cdb1486d,8475791,6,20222023,BOS
4036e683d76b64efe726b21f79cc7e37,8477446,18,20222023,NSH
041230ac09164a6eadee08fbcd848afb,8480879,9,20222023,OTT
f494d03b8535887121e3212bb7dac1cf,8481006,19,20222023,STL
fa0db2b987e1cea62680d54cf9df9c78,8476392,52,20222023,WPG
2f4f67bc609f64891123d0f411ba8450,8479972,30,20222023,MIN
c713d52e21b76b55c2501e44cd4030d5,8477343,6,20212022,BOS
dcc6286fb86bae672c65dd3d8ad2965d,8474141,3,20222023,NYR
5048bcbc5e734594c17eed2c60b95001,8478009,2,20222023,NYI
b5104572e21153d2bd5c802ba2e8b406,8480845,26,20222023,LAK
f171116409310534118345c8ce2298b2,8475455,52,20222023,WPG
db875a2ee07432f8163db2ceee4d2f9c,8475831,55,20222023,SEA
ccfaa58014ba1b2e6e000e1d339671c6,8479734,30,20192020,MIN
3a723448da982a774f28fad31b434e13,8481605,24,20222023,ANA
dfd67404467f4a8b0a039d0a50a7f5e7,8479353,54,20222023,VGK
b0797611b6c8546965e56a9ed6328f95,8475246,4,20212022,PHI
7a7734b81e32086f0cc2db29722b74bf,8473446,21,20222023,COL
41ca1fa400ef247ad53a760c645fb956,8479371,18,20222023,NSH
5c8e1f40390a0d8109141dd262d154e0,8481655,13,20212022,FLA
0f9357171ca7b32396fd3b4f573819ad,8476887,18,20222023,NSH
301dbc11849e96dbc123e0554a16d421,8477969,5,20222023,PIT
4de2a18bdd0561185b5fba760c8db5fb,8482451,29,20222023,CBJ
35ebda365d9ff626017e308fbae66c07,8478881,16,20222023,CHI
63ebb923fa2eca4e83a29127b7ba71fd,8474716,30,20222023,MIN
7657c293f4771eef2c5a0ff511ca9ca8,8480071,2,20222023,NYI
ea2a623ff31aa9dc8563b2f04a57850d,8477992,21,20222023,COL
e6ddc5b9e45a116f7bdb2639e55f5bf0,8480014,26,20222023,LAK
d8c2724eccdb41a73b323aeb773e72fc,8480025,16,20222023,CHI
ad01bdc472811ec6a1c9e0aa2c3961ce,8476941,6,20222023,BOS
5efbb22ce1b0564dd61290928dc89ce3,8479981,28,20222023,SJS
85228cb9a400405b0435dc53eaf444a0,8480193,29,20222023,CBJ
246f6a24b756aa06fd7b2d88ae3cd3a5,8476479,26,20222023,LAK
d7e33e2668987b4c40a1bbb05e2efc1b,8482516,19,20222023,STL
5889b178f0b1292a6474cac0960c3bd9,8480801,9,20222023,OTT
6b9789b21e7d02410448f3709c6584cf,8476948,21,20222023,COL
406a8304734e33cfbd3cfd854ffa5721,8480382,21,20222023,COL
a6447ae6d0941ffa586505e435fa4e2c,8473504,2,20222023,NYI
c9bb4acdd01a2e70046bb6be2330c244,8477845,15,20222023,WSH
7c6c4938fb254ad2810a53727da7c966,8479974,54,20212022,VGK
c18b708ef89460eaaeab4e2467499de3,8480822,28,20222023,SJS
a664f50ba4070840ea938731fed21862,8482133,28,20222023,SJS
52a0989def95c2245616722b1f5499b8,8477425,1,20222023,NJD
bf504e068bec59efe9cd10c46a7a59af,8471675,5,20222023,PIT
bfd863701bf7de16b568b847cf7988a3,8481701,28,20212022,SJS
26d74512a21313f796ef70555a01c985,8480145,52,20222023,WPG
2b22dce3be5a899196d4a13f327359f3,8476853,10,20222023,TOR
e61ffa3b4702763b70426ddcaa35bb24,8474034,14,20222023,TBL
303558663115f2b93fa56b7beb38c674,8475790,29,20222023,CBJ
15d796d6e627c148fcb2675c31dfec9a,8476822,25,20222023,DAL
203e1d7c4e910f0e0392d7e065f2cc2e,8478470,8,20222023,MTL
9556c3220e0684b8ac16d1f1b0c63ceb,8474189,21,20222023,COL
17667d5197b806a6fdca6cb0aeeceb60,8476441,8,20222023,MTL
3fbbaf44d1d8271f377021f144f78706,8473412,52,20192020,WPG
a3e3d24ff8a0e98ffd5b51a679cd22f5,8480727,54,20222023,VGK
b1eb11813096b3f5ff34c436d2f9cbb6,8482652,20,20222023,CGY
e72fe2d71157daade60cff1581b20f26,8475172,20,20222023,CGY
536bb02c9077bb9fa8f1102f9eaadc72,8478406,1,20222023,NJD
dbf17c61fa232d5109fd7cdad6b96332,8483565,29,20222023,CBJ
e71a5e6a362848dd5f5faab0f6b206bd,8479395,2,20222023,NYI